,Question,Question Dz,a,b,c,d,Correct Answer,Diagram,Year and Board,GT Sanity,a Dz,b Dz,C Dz,d Dz,Correct Answer Bn,Map,Diagram Dz,Year and Board Bn,Similarity Score,Red Flag,Yellow Flag,Recheck,Question_fixed,Question_Type,LLM_unparsed,English_Response
0,Which is included of monera kingdom?,མོ་ནེ་ར་རྒྱལ་པོའི་ནང་ལ་ག་ཅི་ཞིག་ཡོད་རེད་?,Bacteria,Amoeba,Yeast,Maize,a,N,2022Jashore,1,བེ་ཀ་ཊི་རི་ཡ,ཨ་མོི་བ,ཡིསཊི,སྨེ་ཨེཌི,ক,a,N,2022Jashore,0.81459354,0,0,,Which organisms are included in the monera kingdom?,Factual Knowledge,{"Answer": "Factual Knowledge"},"The Monera kingdom typically includes bacteria. So, the correct answer is {{""Answer'"": ""a""}}."
1,Which is applied branch of Biology?,ཚད་རིག་པའི་བརྒྱ་ཆའི་ནང་ལ་ག་ཅི་ཞིག་སྦྱར་བ་ཡིན་?,Embryology,Ecology,Genetic Engineering,Biogeography,c,N,2022Jashore,1,སྤྱི་སྤྱོད་རིག་པ,འབྱུང་ཁམས་རིག་པ,ཡིད་བཟང་སྒང་གི་བཀོལ་སྤྱོད,ཡུ་ནི་བརྟན་རིག་པ,গ,c,N,2022Jashore,0.98766116,0,0,,Which branch of Biology is considered applied?,Factual Knowledge,{"Answer": "Factual Knowledge"},"Let's go through each option:

1. Embryology: Embryology is a branch of biology that focuses on the study of the development of embryos and fetuses. While it contributes to our understanding of various biological processes, it is primarily a field of scientific research and not an applied branch in the sense of directly applying biological knowledge for practical purposes.

2. Ecology: Ecology is a branch of biology that deals with the study of interactions between organisms and their environments. While it provides critical insights into ecosystems and environmental conservation, it is more focused on understanding natural systems rather than direct application.

3. Genetic Engineering: Genetic engineering is an applied branch of biology. It involves the manipulation of an organism's genes or genetic material to achieve specific goals, such as developing genetically modified organisms (GMOs) or producing therapeutic proteins through biotechnology. This field directly applies biological knowledge for practical purposes.

4. Biogeography: Biogeography is a branch of biology that explores the geographical distribution of species and ecosystems. While it helps us understand the distribution patterns of organisms, it is more of a scientific field for research and analysis rather than an applied branch.

Based on this analysis, the correct option is {{'Answer': 'c'}} as it represents an applied branch of Biology that involves practical applications of biological knowledge."
2,What is the amount of plasma in blood?,ཁྲག་ནང་ན་ཕྱོགས་ཆུ་གི་བརྒྱ་ཆའི་མང་ཚད་ག་ཚོད་ཡོད་?,45%,55%,65%,75%,b,N,2022Jashore,1,༤༥%,༥༥%,༦༥%,༧༥%,খ,b,N,2022Jashore,0.997961424,0,0,,What is the percentage of plasma in blood?,Factual Knowledge,{"Answer": "Factual Knowledge"},"Let's analyze the composition of blood and the percentage of plasma within it:

1. Blood Composition: Blood is composed of various components, including red blood cells (erythrocytes), white blood cells (leukocytes), platelets (thrombocytes), and plasma.

2. Plasma: Plasma is the liquid component of blood and makes up the largest portion of blood by volume. It is a pale yellow fluid that contains water, electrolytes, proteins, hormones, waste products, and other dissolved substances.

3. Percentage of Plasma: The percentage of plasma in blood varies depending on the individual, but on average, it makes up about 55% of the total blood volume.

4. Other Blood Components: The remaining 45% of blood consists of the formed elements, which include red blood cells, white blood cells, and platelets.

Based on this analysis, the correct answer is {{""Answer"": ""b""}}, as it represents the approximate percentage of plasma in blood."
3,Which one controls the activities of the muscle of stomach?,གསོ་གཉེར་གྱི་སྤུགས་རྩིས་བདེ་བ་གི་བྱེད་སྒྲུབ་གང་ག་ཡོད་?,Brain,Spinal cord,Cranial nerve,Autonomic nerve,d,N,2022Jashore,1,མིང་བཟང,རྒྱལ་སྲོག་རྩིས་བདེ་བ,གཤམ་སྡོད་ནུས་རྩིས་བདེ་བ,རང་བཞིན་ནུས་རྩིས་བདེ་བ,ঘ,d,N,2022Jashore,0.953563499,0,0,,Which one controls the activities of the muscles in the stomach?,Factual Knowledge,{"Answer": "Factual Knowledge"},"The activities of the muscles in the stomach are primarily controlled by the Autonomic Nervous System (ANS). The ANS is responsible for regulating involuntary bodily functions, including the contractions of the stomach muscles. It operates without conscious control and ensures that processes like digestion occur without us having to think about them.

So, the correct answer is {{""Answer"": ""d""}}"
201,"Due to HIV start decreasing-
i. red blood cell
ii. white blood cell
iii. antibody
Which one is correct?","ནད་འབུབ་ཐོབ་མིའི་གྱངས་ཁ་ མར་བབས་འགྱོ་ནི་འགོ་བཙུགས་ནུག
i. དམར་ཁྲག་ཚིགས་རྡོག་གཅིག་
ii. ཁྲག་དཀར་གྱི་སྲོག་ཆགས་
iii. antibody
ག་འདི་བདེན་ཟེར་མནོཝ་ཨིན་ན་?",i and ii,i and iii,ii and iii,"i, ii and iii",c,N,2021Sylhet,1,i དང་ ii,i ও iii,ii ও iii,"i, ii ও iii",গ,c,N,2021Sylhet,0.939755047,0,0,,"Due to HIV start decreasing-
i. red blood cell
ii. white blood cell
iii. antibody
Which one is correct?",Factual Knowledge,{"Answer": "Factual Knowledge"},"HIV (Human Immunodeficiency Virus) primarily affects the immune system. As the infection progresses, it tends to decrease the number of white blood cells (specifically CD4 T cells), which are a crucial component of the immune system. 

As the number of white blood cells decreases, the production of antibodies by the immune system can also be impaired because white blood cells play a central role in antibody production. 

Red blood cells, on the other hand, are not typically affected directly by HIV infection.

So, the correct option is {{""Answer"": ""c""}} - HIV can lead to a decrease in white blood cells and antibodies."
