,Question,Question Dz,a,b,c,d,Correct Answer,Diagram,Year and Board,GT Sanity,a Dz,b Dz,C Dz,d Dz,Correct Answer Bn,Map,Diagram Dz,Year and Board Bn,Similarity Score,Red Flag,Yellow Flag,Recheck,Question_fixed,Question_Type,LLM_unparsed,English_Response,S
0,Which one is aldehyde group?,"ག་འདི་ཨ་ལིདི་ཧའི་ཌི་གི་ གཞི་ཁུངས་ཨིན་ན?

",#NAME?,--CO--,#NAME?,#NAME?,c,N,2022Mymensingh,1,#NAME?,- CO -,#NAME?,#NAME?,ཀ་,c,N,2022Mymensingh,0.801721478,0,0,Factual Knowledge,"Which one corresponds to the aldehyde group?

(a) --OH
(b) --CO--
(c) --CHO
(d) --COOH",Factual Knowledge,{"Answer": "Factual Knowledge"},"The aldehyde group is represented by --CHO. So, the only correct option is {{""Answer"": ""c""}}",
1,"H_{2}+S\rightarrow D
Compound 'D' is-
i. covalent
ii. ionic
iii. inorganic
Which one is correct?","H_{2} + S \rightarrow D འདི་ ཀླད་ཀོར་གྱི་ཕྲ་རིང་ཨིན།

Dའདི་ མཉམ་སྡེབ་འབད་ཡོདཔ་ཨིན།
i. དུས་མཐུན་བཟོ་ནི་
༢། ཨའི་ཨོ་ནིཀ
གསུམ་པ་ ནུས་མེད་
འ་ནི་གྲལ་ལས་ ག་འདི་བདེན་པ་ཨིན་ན?",i and ii,i and iii,ii and iii,"i, ii, and iii",b,N,2022Mymensingh,1,i ও ii,i ও iii,ii ও iii,"i, ii ও iii",ལྡོག་ཕྱོགས་,b,N,2022Mymensingh,0.921467237,0,0,Factual Knowledge,"H_{2}+S\rightarrow D
Compound 'D' is-
i. covalent
ii. ionic
iii. inorganic
Which one is correct?",Reasoning,{"Answer": "Reasoning"},"Certainly, let's analyze this step by step:

1. Reaction: H2 + S → D
   When hydrogen gas (H2) reacts with sulfur (S), they combine to form a compound represented as 'D'.

2. Compound 'D': H2S (Hydrogen Sulfide)
   The compound formed in this reaction is hydrogen sulfide (H2S), which consists of two hydrogen atoms (H) and one sulfur atom (S). Hydrogen sulfide is a covalent compound.

Now, let's consider the statements:

i. Covalent: This statement is correct because hydrogen sulfide (H2S) is a covalent compound. It forms as a result of the sharing of electrons between hydrogen and sulfur atoms.

ii. Ionic: This statement is incorrect because hydrogen sulfide (H2S) is not an ionic compound. Ionic compounds typically consist of ions, with one element losing electrons (cation) and the other gaining electrons (anion) to form a compound. In the case of H2S, it involves electron sharing and not the transfer of electrons.

iii. Inorganic: This statement is correct. Hydrogen sulfide (H2S) is an inorganic compound because it does not contain carbon-hydrogen (C-H) bonds, which are characteristic of organic compounds.

Based on this analysis:

- Statement i is correct.
- Statement ii is incorrect.
- Statement iii is correct.

Therefore, the correct option is {{""Answer"": ""b""}} which means that compound 'D' is covalent and inorganic.",
2,"H_{2}+S\rightarrow
What are the highest number of electrons can be accommodated in the outermost shell of central atom of 'D'?","H_{2} + S \rightarrow D འདི་ ཀླད་ཀོར་གྱི་ཕྲ་རིང་ཨིན།

D གི་ལྟག་ཕྱོགས་ཀྱི་ཤུགས་ཚད་མཐའ་མ་ལུ་ ཨེཆ་ཊཱོན་གི་ནུས་པ་ག་དེམ་ཅིག་ཡོདཔ་ཨིན་ན?",2,8,18,32,c,N,2022Mymensingh,1,2,8,18,32,ཀ་,c,N,2022Mymensingh,0.915012257,0,0,Factual Knowledge,What is the maximum number of electrons that can be accommodated in the outermost shell of the central atom of 'D'?,Factual Knowledge,{"Answer": "Factual Knowledge"},"To determine the highest number of electrons that can be accommodated in the outermost shell of the central atom of compound 'D,' which is hydrogen sulfide (H2S), we need to look at the electron configuration of sulfur (S).

Sulfur (S) is in Group 16 of the periodic table, which means it has 6 valence electrons. The maximum number of electrons that can be accommodated in the outermost shell (valence shell) is 16. This is because of the configuration equation 2*n^2. For the third shell, n = 3, so 2*3^2 = 18.

Therefore, the correct answer is {{""Answer"": ""c""}}",
3,How many hydrogen atoms are present in 1 gm sulphuric acid?,1 g সালফিউরিক এসিডে কতটি হাইড্রোজেন পরমাণু রয়েছে?,1.20\times 10^{24},2.46\times 10^{22},1.23\times 10^{22},6.15\times 10^{21},d,N,2022Mymensingh,1,1.20 \times 10^{24},2.46 \times 10^{22},1.23 \times 10^{22},6.15 \times 10^{21},ག,d,N,2022Mymensingh,0.94681604,0,0,Factual Knowledge,How many hydrogen atoms are present in 1 gram of sulfuric acid?,Procedural and Application,{"Answer": "Procedural and Application"},"To determine the number of hydrogen atoms present in 1 gram of sulfuric acid (H2SO4), we need to use the molar mass and the chemical formula of sulfuric acid.

The molar mass of sulfuric acid (H2SO4) is calculated as follows:
- 2 hydrogen atoms (H) with a molar mass of approximately 1 gram/mol each.
- 1 sulfur atom (S) with a molar mass of approximately 32 grams/mol.
- 4 oxygen atoms (O) with a molar mass of approximately 16 grams/mol each.

So, the molar mass of H2SO4 = (2 * 1 g/mol) + (1 * 32 g/mol) + (4 * 16 g/mol) = 2 g/mol + 32 g/mol + 64 g/mol = 98 g/mol

Now, we can calculate the number of moles of sulfuric acid (H2SO4) in 1 gram:
Number of moles = Mass (in grams) / Molar mass
Number of moles = 1 g / 98 g/mol ≈ 0.0102 moles

Since there are 2 hydrogen atoms in each molecule of sulfuric acid (H2SO4), we need to multiply the number of moles by Avogadro's number (6.022 x 10^23) to find the number of hydrogen atoms:
Number of hydrogen atoms = Number of moles * Avogadro's number
Number of hydrogen atoms = 0.0102 moles * 6.022 x 10^23 atoms/mole ≈ 6.13 x 10^21 hydrogen atoms

So, there are approximately 6.13 x 10^21 hydrogen atoms present in 1 gram of sulfuric acid, which is close to the option ""d"". So the correct answer is {{""Answer"": ""d""}}",
4,Which catalyst is used to prepare ethane from ethen?,ইথিন হতে ইথেন উৎপন্নকালে কোনটি প্রভাবক হিসেবে ব্যবহৃত হয়?,Ni,Fe,Mn,Pt,a,N,2022Mymensingh,1,Ni,Fe,Mn,Pt,ཀ་,a,N,2022Mymensingh,0.88239653,0,0,,Which catalyst is used to prepare ethane from ethene?,Factual Knowledge,{"Answer": "Factual Knowledge"},"
The catalyst used to prepare ethane from ethene (ethylene) is usually nickel (Ni). So, the correct answer {{""Answer"": ""a""}}",
