Question,Question_fixed,Question Dz,a,b,c,d,Correct Answer,Diagram,Year and Board,GT Sanity,a Dz,b Dz,c Dz,d Dz,Correct Answer Dz,Unnamed: 16,Year and Board Dz,Similarity Score,Red Flag,Yellow Flag,Recheck,Question_fixed.1,Question_Type,LLM_unparsed,English_Response,
135,"The parabola x^{2} = 1 - y has-
 i. vertex (1, 0)
 ii. foci \left ( 0, \pm \frac{3}{4} \right )
 iii. equation of the directrix 4y = 5
 Which one is correct?","""x^{2} = 1 - y གི་མཐའ་འཁོར་ལུ་ཡོད་པའི་ -
i. ཀེར་ཐིག་ (1, 0)
༢། ཕྲང་ཐིག་འདི་ ཕྲང་ཐིག་འོག་གི་ས་སྒོ་འདི་ ཕྲང་ཐིག་འོག་གི་ས་སྒོ་ཨིན།
གསུམ་པ་ ཚད་འཛིན་ཐིག་གི་རྩིས་གཞི་འདི་ 4y = 5ཨིན།
འོག་ལུ་ཡོད་མི་ལས་ ག་འདི་བདེན་པ་ཨིན་ན?",i and ii,i and iii,ii and iii,"i, ii and iii",c,N,2021Chattogram,1,i ও ii,i ও iii,ii ও iii,"i, ii ও iii",ཀ་,c,N,2021Chattogram,0.8826709539,0,0,,"The parabola x^{2} = 1 - y has-
 i. vertex (1, 0)
 ii. foci \left ( 0, \pm \frac{3}{4} \right )
 iii. equation of the directrix 4y = 5
 Which one is correct?",Reasoning,"{""Answer"": ""Reasoning""}","i. Vertex (1, 0) - Incorrect. The given equation is \(x^2 = 1 - y\). To find the vertex, we need to rewrite it as \(y = -x^2 + 1\) in the standard form \((x-h)^2 = 4p(y-k)\), where \((h, k)\) is the vertex, and \(p\) is the distance from the vertex to the focus. Comparing the given equation to the standard form, we have \(h = 0\) and \(k = 1\). So, the vertex is actually at (0, 1), not (1, 0).

ii. Foci (0, ±3/4) - Correct. To find the foci, we calculate the value of \(4p\) in the standard form of the parabola \((x - h)^2 = 4p(y - k)\). In this case, \(4p = 1\), so \(p = \frac{1}{4}\). The foci are located at \((0, k \pm \frac{1}{4})\), which simplifies to \((0, 1 + \frac{1}{4})\) and \((0, 1 - \frac{1}{4})\), resulting in the foci being \((0, \frac{5}{4})\) and \((0, \frac{3}{4})\).

iii. Equation of the directrix 4y = 5 - Correct. The equation of the directrix for a parabola in this form is \(y = k - \frac{p}{4}\). From part (ii), we know that \(p = \frac{1}{4}\), and from part (i), we found that \(k = 1\). Substituting these values into the equation \(y = k - \frac{p}{4}\), we get \(y = 1 - \frac{1}{4}\), which simplifies to \(y = \frac{3}{4}\). So, the equation of the directrix is indeed \(4y = 5\).

In summary, statement ii and statement iii are correct. Statement i is incorrect because the vertex is actually at (0, 1), not (1, 0). Therefore, the correct answer is {{""Answer"": ""c""}}"
1,A balloon has been ascending with a velocity 20 m/s and a stone is left fall from it which reaches the ground in 10 seconds. The height of the balloon when the stone dropped was-,དེ་ལས་ རྡོ་འདི་ མེ་རླུང་རྒྱ་རྫི་ཅིག་ལས་མར་ རྦོབ་རིལ་འགྱོ་སྟེ་ མེ་ཊིག་ཊཱོན་༢༠ དེ་རེ་ལུ་ ཡར་འཕུར་འགྱོ་བའི་བསྒང་། རྡོ་འདི་ ས་ཁར་ཆགས་ཏེ་ དུས་ཡུན་སྐར་མ་༡༠ དེ་ཅིག་གི་ནང་འཁོད་ལུ་ མར་བབས་སོང་ནུག། རྡོ་འདི་ཕུད་པའི་སྐབས་ བཱལ་བཱོན་འདི་ མཐོ་ཚད་ག་དེམ་ཅིག་ལུ་ཡོདཔ་ཨིན་ན?,780 m,690 m,580 m,290 m,d,N,2022Dhaka,1,780,690,580,290,ག,d,N,2022Dhaka,0.9434149285,0,0,,"When a stone is dropped from a balloon that has been ascending with a velocity of 20 m/s, it reaches the ground in 10 seconds. What was the height of the balloon when the stone was dropped?
Choices: (a) 780 m (b) 690 m (c) 580 m (d) 290 m",Procedural and Application,"{""Answer"": ""Procedural and Application""}","To solve this problem, let's use the equation for motion under uniform acceleration:

s = ut + 1/2 at^2

Here, 
- s is the displacement, which in this case is the height of the balloon when the stone was dropped.
- u is the initial velocity, which is -20 m/s (upward velocity taken as negative).
- t is the time, which is 10 seconds.
- a is the acceleration due to gravity, approximately 9.8 m/s^2 (downward acceleration taken as positive).

Substituting the values:

s = (-20 m/s * 10 s) + 1/2 * 9.8 m/s^2 * (10 s)^2

Calculating this gives the height of the balloon as approximately 290 meters. So, the correct answer is {{""Answer"": ""d""}}"
2,"If z_{1} = 1 + 2i and z_{2} = 3 + i, then the modules of z_{1} - z_{2} is-","z_{1} = 1 + 2i དང་ z_{2} = 3 + i ཨིན་པ་ཅིན་ z_{1} - z_{2} གི་གནས་གོང་འདི་
z = 1 - iཨིན་པ་ཅིན་ z - \overline{z}གི་རྩ་བ་གྲུ་བཞི་འདི་ག་དེམ་ཅིག་ཡོདཔ་ཨིན་ན?",\sqrt{5},\sqrt{13},\sqrt{25},5\sqrt{2},a,N,2022Dhaka,1,\sqrt{5},\sqrt{13},\sqrt{25},5\sqrt{2},ཀ་,a,N,2022Dhaka,0.9231413244,0,0,,"If z_{1} = 1 + 2i and z_{2} = 3 + i, what is the magnitude of z_{1} - z_{2}?",Procedural and Application,"{""Answer"": ""Procedural and Application""}","To find the modulus of z1 - z2, where z1 = 1 + 2i and z2 = 3 + i, we first calculate the difference z1 - z2 and then find its modulus.

The difference z1 - z2 is:
(1 + 2i) - (3 + i)
= 1 + 2i - 3 - i
= -2 + i

The modulus of a complex number z = a + bi is given by sqrt(a^2 + b^2).

So, the modulus of -2 + i is:
sqrt((-2)^2 + 1^2)
= sqrt(4 + 1)
= sqrt(5)

Therefore, the modulus of z1 - z2 is sqrt(5). So, the answer is {{""Answer"": ""a""}}"
3,"If z = 1 - i, then what is the square root of z - \overline{z} -","z_{1} = 1 + 2i དང་ z_{2} = 3 + i ཨིན་པ་ཅིན་ z_{1} - z_{2} གི་གནས་གོང་འདི་
z = 1 - iཨིན་པ་ཅིན་ z - \overline{z}གི་རྩ་བ་གྲུ་བཞི་འདི་ག་དེམ་ཅིག་ཡོདཔ་ཨིན་ན?",- 1 - i,\pm (1 + i),\pm (1 - i),\pm \frac{1}{\sqrt{2}} (1 - i),c,N,2022Dhaka,1,- 1 - i,\pm (1 + i),\pm (1 - i),\pm \frac{1}{\sqrt{2}} (1 - i),ཀ་,c,N,2022Dhaka,0.9177155838,0,0,,"ParsingError{""Fixed"": ""If z = 1 - i, what is the square root of z - \overline{z}?""}",Procedural and Application,"{""Answer"": ""Procedural and Application""}","To find the square root of \(z - \overline{z}\) for \(z = 1 - i\), we first determine \(\overline{z}\), the conjugate of \(z\). The conjugate of a complex number \(a + bi\) is \(a - bi\), so for \(z = 1 - i\), \(\overline{z} = 1 + i\).

Now, calculate \(z - \overline{z}\):
\(z - \overline{z} = (1 - i) - (1 + i)\)

After calculating this difference, we find its square root. The result is \(1 - i\). Therefore, the correct answer is {{""Answer"": ""c""}}"
4,What is the principle argument of (1 - \sqrt{3}i)?,1 - \sqrt{3}i གི་དོན་ཚན་ངོ་མ་འདི་ག་དེ་ཅིག་ཨིན་ན?,\frac{2\pi}{3},\frac{\pi}{3},\frac{- \pi}{3},\frac{- 2\pi}{3},c,N,2022Dhaka,1,\frac{2\pi}{3},\frac{\pi}{3},\frac{- \pi}{3},\frac{- 2\pi}{3},ཀ་,c,N,2022Dhaka,0.9220880376,0,0,,"ParsingError{ ""Fixed"": ""What is the principal argument of (1 - \sqrt{3}i)?"" }",Procedural and Application,"{""Answer"": ""Procedural and Application""}","To find the principal argument of the complex number \(1 - \sqrt{3}i\), we calculate the angle it forms with the positive x-axis in the complex plane. This is done using the arctangent function. The real part of this complex number is 1, and the imaginary part is \(-\sqrt{3}\).

Principal argument = arctan(imaginary part/real part) = arctan(-root(3)/1), which is \(-\frac{\pi}{3}\).

Hence, the correct answer is {{""Answer"": ""c""}}"