,Question,Question Dz,a,b,c,d,Correct Answer,Diagram,Year and Board,GT Sanity,a Dz,b Dz,C Dz,d Dz,Correct Answer Bn,Map,Diagram Dz,Year and Board Bn,Similarity Score,Red Flag,Yellow Flag,Recheck,Question_fixed,Question_Type,LLM_unparsed,English_Response
0,"The perpendicular drawn from the point (\sqrt{3}, 1) on the straight line \sqrt{3}x - y + 1 = 0.
 
 What is the length of the perpendicular drawn?","""(\sqrt{3}, 1) ?????????????? \sqrt{3}x - y + 1 = 0 ?????????????? ????????????????????",\frac{3}{4},\frac{5}{4},\frac{3}{2},\frac{5}{2},c,N,2021Rajshahi,1,\frac{3}{4}??? ???????????????????,\frac{5}{4},\frac{3}{2},\frac{5}{2},??,c,N,2021Rajshahi,0.966486263,0,0,,"What is the length of the perpendicular drawn from the point (v3, 1) to the straight line v3x - y + 1 = 0?",Procedural and Application,{"Answer": "Procedural and Application"},"To find the length of the perpendicular from the point (sqrt(3), 1) to the straight line sqrt(3)x - y + 1 = 0, we use the distance formula:

Distance = |Ax1 + By1 + C| / sqrt(A^2 + B^2)

Here, A, B, and C are the coefficients of the line Ax + By + C = 0, and (x1, y1) are the coordinates of the point.

For the line sqrt(3)x - y + 1 = 0, A = sqrt(3), B = -1, and C = 1. The point is (sqrt(3), 1), so x1 = sqrt(3) and y1 = 1.

Substituting these values, we get:

Distance = |sqrt(3) * sqrt(3) - 1 * 1 + 1| / sqrt((sqrt(3))^2 + (-1)^2)

Calculating this, the distance comes out to be 1.5, or 3/2. So the correct answer is {{""Answer"": ""c""}}"
2,\lim_{x \to 0} (1 + 2x)^{\frac{1}{2x}} = ?,"???????????????????????????????????????
\lim_{x \to 0} (1 + 2x) ^{\frac{1}{2x}} = ?",0,1,e,e^{2},c,N,2021Rajshahi,1,0,1,e,e^{2},??,c,N,2021Rajshahi,0.859573012,0,0,,What is the value of the limit as x approaches 0 of (1 + 2x)^(1/(2x))?,Procedural and Application,{"Answer": "Procedural and Application"},"To calculate the limit of (1 + 2x)^(1/2x) as x approaches 0, we can relate it to the well-known limit form that approaches the natural exponential base e. 

The limit is of the form lim(x -> 0) (1 + ax)^(1/bx), and when a equals b, this limit is known to approach e. In your case, a is 2 and b is 2, so the limit simplifies to a form that approaches e. 

Thus, the limit of (1 + 2x)^(1/2x) as x approaches 0 is e. Therefore, the correct answer is {{""Answer"": ""c""}}"
3,If f(x) = ln (1 - x) then what is the value of f''(2)?,f (x) = ln (1 - x) ?????????? f' (x) (2) ???????????????????????????????????,- \frac{1}{9},\text{- 1},\frac{1}{9},1,b,N,2021Rajshahi,1,- ??????????? ?????????????????????,\text{- 1},\frac{1}{9},1,???????????,b,N,2021Rajshahi,0.962472927,0,0,,"If f(x) = ln(1 - x), what is the value of f''(2)?",Procedural and Application,{"Answer": "Procedural and Application"},"To find the second derivative of \( f(x) = \ln(1 - x) \) evaluated at \( x = 2 \), we first need to find \( f''(x) \) and then substitute \( x = 2 \) into it. The first derivative of \( f(x) = \ln(1 - x) \) is: \[ f'(x) = \frac{-1}{1 - x} \] Now, we find the second derivative: \[ f''(x) = \frac{d}{dx} \left( \frac{-1}{1 - x} \right) \] This derivative can be found using the quotient rule or simply differentiating the expression as it is. After finding \( f''(x) \), we substitute \( x = 2 \) to get \( f''(2) \). Let's calculate this. The value of \( f''(2) \) for the function \( f(x) = \ln(1 - x) \) is \(-1\).

Therefore, the correct answer is {{""Answer"": ""b""}}"
131,"If the straight lines 3x - 4y + 12 = 0-
 i. the length of intercept cut off by line from the x-axis is 4 unit
 ii. the area made by the two axes with the line is 12 sq. unit
 iii. intersect y-axis at the point (0, 3)
 Which one is correct?","3x - 4y + 12 = 0"" ????????????????
i. ??????????????? x-axis ???????????????????
?? ??????????????????????????????? ?????????????????????? ??^? ???????
iii. y ???????? (0,3) ?????????????????????
????????????????? ???????????????????",i and ii,i and iii,ii and iii,"i, ii and iii",b,N,2021Sylhet,1,i ??? ii,i ??iii,ii ??iii,"i, ii ??iii",???????????,b,N,2021Sylhet,0.943453985,0,0,,"If the straight lines 3x - 4y + 12 = 0-
 i. the length of intercept cut off by line from the x-axis is 4 unit
 ii. the area made by the two axes with the line is 12 sq. unit
 iii. intersect y-axis at the point (0, 3)
 Which one is correct?",Procedural and Application,{"Answer": "Procedural and Application"},"To determine which statements are correct, we analyze each one:

i. The length of the intercept cut off by the line 3x - 4y + 12 = 0 from the x-axis:
The x-intercept occurs when y = 0. Substitute y = 0 into the equation:
3x + 12 = 0
x = -4
Thus, the x-intercept is -4, but the length of the intercept is the absolute value, which is 4 units.

ii. The area made by the two axes with the line 3x - 4y + 12 = 0:
The area of the triangle formed by the x-axis, y-axis, and the line can be found using the intercepts. We already found the x-intercept to be 4 units (in magnitude). The y-intercept occurs when x = 0:
-4y + 12 = 0
y = 3
So, the y-intercept is 3 units.
The area of the triangle is (1/2) * base * height = (1/2) * 4 * 3 = 6 square units.

iii. The line intersects the y-axis at the point (0, 3):
This is true as calculated in point ii.

Therefore, the correct statements are i and iii, making the answer {{""Answer"": ""b""}}"
5,"The equation of a curve is y = 3x (x - 2).
 
 What is the slope of the tangent at the point (2, 0) on the curve?","y = 3x (x - 2) ???? ????????????????????????????

??????????????????????? (2,0) ?????????????????????? ????????????????????????????????????????",\text{-12},\text{-6},6,12,c,N,2021Rajshahi,1,\text{-12} ??????? ????????,\text{-6},6,12,??,c,N,2021Rajshahi,0.945834689,0,0,,"What is the slope of the tangent at the point (2, 0) on the curve whose equation is y = 3x(x - 2)?",Procedural and Application,{"Answer": "Procedural and Application"},"To find the slope of the tangent at a specific point on a curve, we first find the derivative of the curve's equation with respect to x. This derivative gives us the slope of the tangent at any point x.

The equation of the curve is \( y = 3x(x - 2) \).

First, we differentiate this equation to find the slope (dy/dx):
\( y' = 3(x - 2) + 3x(1) \)
\( y' = 3x - 6 + 3x \)
\( y' = 6x - 6 \)

Now, to find the slope of the tangent at the point (2, 0), we substitute x = 2 into the derivative:
\( y'(2) = 6(2) - 6 \)
\( y'(2) = 12 - 6 \)
\( y'(2) = 6 \)

So, the slope of the tangent at the point (2, 0) on the curve is 6, making the correct option {{""Answer"": ""c""}}"
