Question,Question_fixed,Question Dz,a,b,c,d,Correct Answer,Diagram,Year and Board,GT Sanity,a Dz,b Dz,c Dz,d Dz,Correct Answer Dz,Unnamed: 16,Year and Board Dz,Similarity Score,Red Flag,Yellow Flag,Recheck,Question_fixed.1,Question_Type,LLM_unparsed,English_Response
0,If the phase difference between two points of a wave is \frac{11\pi}{2} then path difference between that points is-,"ཕྲང་ལམ་གྱི་ཁྱད་པར་འདི་ ཕྲང་ལམ་གྱི་ས་སྒོ་འདི་ ཕྲང་ལམ་གྱི་ས་སྒོ་གཉིས་ལས་ དབྱེ་བ་འདི་ \frac{11\pi}{2}ཨིནམ་དང་
",\frac{11\pi}{2},\frac{11\pi^{2}}{\lambda},\frac{11\pi}{4},\frac{11\pi^{2}}{4\lambda},c,N,2021Dhaka,1,\frac{11\pi}{2},\frac{11\pi^{2}}{\lambda},\frac{11\pi}{4},\frac{11\pi^{2}}{4\lambda},ཀ་,c,N,2021Dhaka,0.9278191362,0,0,,"ParsingError{""Fixed"": ""If the phase difference between two points of a wave is \frac{11\pi}{2}, then what is the path difference between those points?""}",Procedural and Application,"{""Answer"": ""Procedural and Application""}"
1,Which gate acts as an inverter?,"ག་དེ་ཅིག་གིས་ Inverter བཟོ་ཚུགས་ག?
""ཐིག་ཁྲམ་གཅིག་འཐེན་པ་ཅིན་ ...
i. ཚད་འཛིན་གྱི་ནུས་པ་ཡར་འཕར་འགྱོཝ་ཨིན།
༢། དཀྲོགས་ནི་དེ་ ཡར་སེང་འགྱོ་དོ་ཡོདཔ་ཨིན།
གསུམ་པ་ ཤུགས་དེ་མར་འགྱུརཝ་ཨིན།
འོག་ལུ་ཡོད་མི་ལས་ ག་འདི་བདེན་པ་ཨིན་ན?",OR gate,NOT gate,AND gate,NOR gate,b,N,2021Dhaka,1,"OR སྒོ་ར་སྒོ་

","NOT སྒོ་ར་སྒོ་

","AND སྒོ་ར་སྒོ་

","NOR སྒོ་ར་སྒོ་

",ལྡོག་ཕྱོགས་,b,N,2021Dhaka,0.9709850306,0,0,,Which gate functions as an inverter?,Factual Knowledge,"{""Answer"": ""Factual Knowledge""}"
2,"If a wire is extended then-
 i. specific resistance increases
 ii. resistance increases
 iii. resistance decreases
 Which one is correct?","""འགྱུར་འགྱུར་གྱི་གློག་ཤུགས་དང་གློག་ཤུགས་གི་ས་སྒོ་གི་བར་ན་ཆ་མཉམ་འདི་ c =འོད་གི་མགྱོགས་ཚད་ཨིན།
i.c.
ii. \frac{1}{c} དེ་ ཨང་དང་པམ་གཉིས་ཨིན།
ལྡོག་ཕྱོགས་ཚོགས་པ་གིས་ གྲོས་འདེབས་ཕུལ་མི་དང་འཁྲིལ་ ཚོགས་པ་གིས་ གྲོས་འདེབས་ཕུལ་མི་གི་དོན་ལས་ ཚོགས་པ་གིས་ གྲོས་འདེབས་ཕུལ་དགོཔ་སྦེ་ ཞུ་ཡི།
འོག་ལུ་ཡོད་མི་ལས་ ག་འདི་བདེན་པ་ཨིན་ན?",i,ii,i and ii,i and iii,b,N,2021Dhaka,1,i,ii,I ও ii,i ও iii,ལྡོག་ཕྱོགས་,b,N,2021Dhaka,0.9329859661,0,0,,"If a wire is extended, what happens to its resistance?

Choices: (a) Specific resistance increases
(b) Resistance increases
(c) Specific resistance and resistance increase
(d) Specific resistance increases and resistance decreases",Reasoning,"{""Answer"": ""Reasoning""}"
3,The slope of isothermal line is how much steeper than adiabatic line?,"ཚད་མཉམ་གྱི་ཐིག་ཁྲམ་འདི་ ཚ་དྲོད་ཐིག་ཁྲམ་ལས་ ཚ་དྲོད་ག་དེམ་ཅིག་ལུ་ གྱེན་ཁུག་ཡོདཔ་ཨིན་ན?

",+ \frac{1}{\gamma},+ \gamma,- \frac{1}{\gamma},- \gamma,a,N,2021Dhaka,1,+ \frac{1}{\gamma},+ \gamma,- \frac{1}{\gamma},- \gamma,ཀ་,a,N,2021Dhaka,0.905709858,0,0,,How much steeper is the slope of the isothermal line compared to the adiabatic line?,Factual Knowledge,"{""Answer"": ""Factual Knowledge""}"