Question,Question_fixed,Question Dz,a,b,c,d,Correct Answer,Diagram,Year and Board,GT Sanity,a Dz,b Dz,c Dz,d Dz,Correct Answer Dz,Unnamed: 16,Year and Board Dz,Similarity Score,Red Flag,Yellow Flag,Recheck,Question_fixed.1,Question_Type,LLM_unparsed,English_Response
0,In case of ideal gas \left ( \frac{dE}{dV} \right )_{r} = ?,????????????????????????????,0,0.5,1,1.5,a,N,2021Jashore,1,0,1,0.5,1.5,??,a,N,2021Jashore,0.931667173,0,0,,ParsingError{"Fixed": "What is the value of \left ( \frac{dE}{dV} \right )_{r} in the case of an ideal gas?"},Procedural and Application,{"Answer": "Procedural and Application"}
1,Which one of the following is an oxidation-reduction half cell?,?????????????????????? \left (\frac{dE}{dV} \right )_{r} = ?,"Pl, Cl_{2}Cl^{-}","Hg, Hg_{2}SO_{4}/SO_{4}^{2-}","Au, Sn^{2+}/Sn^{4+}",NiNi^{2+},c,N,2021Jashore,1,"Pt, Cl_{2}/Cl^{-}","Hg, Hg_{2}SO_{4}/SO_{4}^{2-}","Au, Sn^{2+}/Sn^{4+}",Ni/Ni^{2+},??,c,N,2021Jashore,0.878390277,0,0,,Which one of the following is an oxidation-reduction half cell?,Factual Knowledge,{"Answer": "Factual Knowledge"}
2,Of which one both valency and oxidation value is zero?,????????????????????????? ????????????????????????????????????????? ?????????????????,CH_{2}Cl_{2},MgO,Ne,F,c,N,2021Jashore,1,CH_{2}Cl_{2},MgO,Ne,F,??,c,N,2021Jashore,0.878916034,0,0,,Which of the following has both valency and oxidation value equal to zero?,Reasoning,{"Answer": "Reasoning"}
134,"The name of C_{2}H_{5} - O - C_{2}H_{5} compound is-
i. ether
ii. diethyl ether
iii. ethoxy ethane
Which one is correct?",?????? ??????????? ???????????????????? ??????????????,i & ii,i & iii,ii & iii,"i, ii & iii",d,N,2022Mymensingh,1,i ? ii,ii ? iii,i ? iii,"i, ii ? iii",?,d,N,2022Mymensingh,0.962033924,0,0,,"The name of C_{2}H_{5} - O - C_{2}H_{5} compound is-
i. ether
ii. diethyl ether
iii. ethoxy ethane
Which one is correct?",Factual Knowledge,{"Answer": "Factual Knowledge"}
4,What is the acceptable limit of BOD in suitable drinking water?,"C_2H_5-O-C_2H_5 ??????????????????
i. ??????
?? ????????????? ??????
??????? ????????????????
????????????????? ???????????????????
????????????? BOD ???????????????????????????",1-2 ppm,2-3 ppm,4-6 ppm,8-9 ppm,a,N,2021Jashore,1,1-2 ppm,2-3 ppm,4-6 ppm,8-9 ppm,??,a,N,2021Jashore,0.978816702,0,0,,What is the acceptable limit of BOD in suitable drinking water?,Factual Knowledge,{"Answer": "Factual Knowledge"}
