Question,Question_fixed,Question Dz,a,b,c,d,Correct Answer,Diagram,Year and Board,GT Sanity,a Dz,b Dz,c Dz,d Dz,Correct Answer Dz,Unnamed: 16,Year and Board Dz,Similarity Score,Red Flag,Yellow Flag,Recheck,Question_fixed.1,Question_Type,LLM_unparsed,English_Response,
0,"Casein + H_{2}O\overset{A}{\rightarrow}Paracasein
Which enzyme is activate in the 'A' marked part of the stem?",ཁེ་སི་ཡཱན་ +ཆུ་ → པ་ར་ཀ་སི་ཡཱན་ བརྟག་དཔྱད་འབད་ཡོད་པའི་ ཨེན་ཇེམ་འདི་ བརྟག་དཔྱད་འབད་ཡོད་པའི་ས་སྒོ་ ཨེསི་ཊི་ཨེམ་ ཨེསི་ཊི་ཨེམ་ ཨེསི་ཊི་ཨེམ་ ཨེསི་ཊི་ཨེམ་ ཨེསི་ཊི་ཨེམ་ ཨེསི་ཊི་ཨེམ་ ཨེསི་ཊི་ཨེམ་ ཨེསི་ཊི་ཨེམ་ ཨེསི་ཊི་ཨེམ་,Pepsin,Renin,Trypsin,Chymotrypsin,b,N,2021Rajshahi,1,པེཔསི་བིན་,པེཔསི་བིན་,ཏིརི་པསི་བཱིན་,ཀའི་མོཊི་རི་པསི་བཱིན་,ལྡོག་ཕྱོགས་,b,N,2021Rajshahi,0.863251255,0,0,,"Which enzyme is activated in the 'A' marked part of the process when Casein reacts with H2O to form Paracasein?
",Factual Knowledge,{"Answer": "Factual Knowledge"},རན་ནི་དེ་ ཨེན་ཇེམ་ཅིག་ཨིནམ་ལས་ ཨའི་གི་ཨོམ་ནང་ཡོད་པའི་ ཨའི་གི་ཨོམ་དེ་ ཨའི་གི་ཨོམ་ཨིནམ་ལས་ ཨའི་གི་ཨོམ་དེ་ ཨའི་གི་ཨོམ་ཨིནམ་ལས་ ཨའི་གི་ཨོམ་དེ་ ཨའི་གི་ཨོམ་ཨིན། མཆིན་པའི་གློག་ཤུགས་ཀྱིས་ མཆིན་པའི་གློག་ཤུགས་ཀྱི་གློག་ཤུགས་ལུ་ གནོད་དོ་ཡོདཔ་ད་ མཆིན་པའི་གློག་ཤུགས་ལུ་ གནོད་དོ་ཡོདཔ་ད་ མཆིན་པའི་གློག་ཤུགས་ལུ་ གནོད་དོ་ཡོདཔ་ད་ མཆིན་པའི་གློག་ཤུགས་ལུ་ གནོད་དོ་ཡོདཔ་ད་
1,Which teeth absent in milk teeth?,ཨོམ་འཐུང་མི་སེརཝ་འདི་ ག་ལུ་མེདཔ་ཨིན་ན?,Incisor,Canine,Premolar,Molar,c,N,2021Rajshahi,1,ནང་ན་འཛུལ་,ནང་ན་འཛུལ་,པྲི་མོ་ལར་,མོ་ལར་,ཀ་,c,N,2021Rajshahi,0.861241953,0,0,,Which teeth are absent in milk teeth?,Factual Knowledge,{"Answer": "Factual Knowledge"},
2,Which enzyme present in saliva?,ལཱལ་རཱསི་ནང་ལུ་ ནད་འབུབ་འདི་ ག་ཅི་ལུ་བརྟེན་ཡོདཔ་ཨིན་ན?,Ptyalin,Renin,Pepsin,Trypsin,a,N,2021Rajshahi,1,ཐའི་ལིན་,ཐའི་ལིན་,པེཔསི་བིན་,ཏིརི་པསི་བཱིན་,ཀ་,a,N,2021Rajshahi,0.845301754,0,0,,Which enzyme is present in saliva?,Factual Knowledge,{"Answer": "Factual Knowledge"},འ་ནི་འགྲེལ་བཤད་དང་འཁྲིལཝ་ད་ འ་ནི་ལན་འདི་ { ""Answer"": ""b"" } ཨིན།
3,"The functions of Bile is-
 i. to emulsify
 ii.activation of lipase
 iii.decrease the peristalsis rate of colon
 Which one is correct?",Peter གི་ལཱ་འདི་ - i. ཨེམ་ལ་སིཕ་ཀིའིན་ཌིང་ ༢། ལའི་པེཇ་འདི་ ལྕོགས་གྲུབ་ཅན་བཟོ་ནུག ཀོ་ལཱནསི་གི་མཐའ་འཁོར་ལུ་ཡོད་མི་ ཕྲ་རིང་འདི་ ག་བཟུམ་ཅིག་ཡོདཔ་ཨིན་ན?,i & ii,i & iii,ii & iii,"i, ii & iii",a,N,2021Rajshahi,1,i དང་ ii,i དང་ ii,ii དང་ iii,"i, ii,དང་ iii",ཀ་,a,N,2021Rajshahi,0.93661119,0,0,,"The functions of Bile is-
 i. to emulsify
 ii.activation of lipase
 iii.decrease the peristalsis rate of colon
 Which one is correct?",Factual Knowledge,{"Answer": "Factual Knowledge"},"ཨ་ནཱི་འདི་ ཧ་གོ་ཚུགས་པའི་དོན་ལུ་ ང་བཅས་ཀྱིས་ཨ་ལཱན་ཅི་གི་གནས་ཚད་འདི་ ཨ་ལཱན་ཅི་གི་གནས་ཚད་ (གཞི་རྟེན་སོ་) ཟེར་མི་འདི་ལུ་ གཞི་བཙུགས་འབད་བཅུག་ནི།

1. འགོ་ཐོག་གི་སོ་: ཙན་དན་ཟེར་ཡང་སླབ་མི་ འདི་ཡང་འགོ་ཐོག་གི་སོ་ ཡང་ན་ ཌེ་སི་ཌུ་ཨེས་སོ་ཟེར་ཡང་སླབ་མི་ འདི་མི་གི་གཟུགས་ཁར་ཡོད་པའི་སེརཝ་གི་སེརཝ་ཨིནམ་དང་ འདི་ཡང་སེརཝ་གི་སེརཝ་གི་སེརཝ་ཨིན། སྤྱིར་བཏང་འདི་ ཆུང་ཀུ་བསྒང་ལས་ར་ ཨ་ལོ་ཆུང་ཀུ་ཚུ་ཡར་རྒྱས་འགྱོ་ནིའི་དོན་ལུ་ འགོ་བཙུགས་དོ་ཡོདཔ་དང་ ཨ་ལོ་ཆུང་ཀུ་ཚུ་ཡར་སྦོམ་འགྱོཝ་ད་ འདི་ཚུ་ ཡུན་བརྟན་གྱི་སོ་གིས་ སོར་བཅོས་འབད་དོ་ཡོདཔ་ཨིན་མས།

2. སོ་གི་དབྱེ་བ་: དང་པ་རང་སོའི་ནང་ སོ་གི་དབྱེ་བ་མ་འདྲཝ་ཡོདཔ་དང་ འདི་ཡང་ ནང་ན་གི་སོ་དང་ ཀ་བལ་གྱི་སོ་ དེ་ལས་ ཟ་མའི་སོ་ཚུ་ཨིན། འདི་ཚུ་ ཨ་རྟག་གི་སོ་ཚུ་ནང་ མཐོང་ཚུགས་པའི་ ཌེན་ཊར་སིཊ་རེ་ཨིན་མས།

3. ལྕེ་ལས: ལྕེ་ལསའདི་ ཨ་ལོ་སྐྱེས་བའི་སྐབས་ཀྱི་ ལྕེ་ལསཨིནམ་དང་ ལྕེ་ལསའདི་ ཨ་ལོ་སྐྱེས་བའི་སྐབས་ཀྱི་ ལྕེ་ལསཨིནམ་ཨིན། མཆོང་ཏོ་འདི་ སྐྱེ་ལྡན་གྱི་སན་ལུ་མེདཔ་ལས་ རྒྱུན་ཆད་མེད་པའི་སན་ལུ་འགྱུར་ཏེ་ ཡུན་རིངམོ་སྦེ་རང་སྡོད་འོང་།

འདི་འབདཝ་ལས་ ཟངས་ཤེལ་འདི་ ལེགས་ཤོམ་སྦེ་བརྟག་དཔྱད་འབད་ཚུགས་པའི་དོན་ལས་ ཨོམ་འཐུང་མི་སེརཝ་གི་སེརཝ་འདི་ འོག་གི་སེརཝ་ནང་ཡོད་པའི་སེརཝ་གི་སེརཝ་དང་ མཆུ་ཏོ་གི་སེརཝ་ དེ་ལས་ ཟ་ཏོ་གི་སེརཝ་ཚུ་ཨིན། འདི་གི་ལན་འདི་ c""ཨིན།"
4,Which one is vestigial organ in man?,གཟུགས་ཀྱི་ཡན་ལག་ག་དེ་ཅིག་ ལཱ་འབད་མི་བཏུབ་དོ་ཡོདཔ་ཨིན་ན?,Body hair,Canine teeth,Eye lids,Eye muscles,a,N,2021Rajshahi,1,རོ་གི་སྐྱ་,རོ་གི་སྐྱ་,མིག་ཏོ་གི་མཐའམ་,མིག་ཏོ་གི་ཚིགས་ཚིགས་ཚུ་,ཀ་,a,N,2021Rajshahi,0.876672205,0,0,,"Which of the following is a vestigial organ in humans: (a) Body hair, (b) Canine teeth, (c) Eyelids, or (d) Eye muscles?",Factual Knowledge,{"Answer": "Factual Knowledge"},"མར་ཁུ་ནང་ལུ་ amylase ཟེར་མི་ enzym ཅིག་ཡོདཔ་དང་ འདི་ཡང་ ཊའི་ལིན་ཟེར་ཡང་སླབ་ཨིན་མས། མང་ཤོས་ཅིག་ར་ ཤ་ཏིག་གི་རིགས་ལས་ཨིན་མི་ ཀ་བཱོ་ཧའི་ཌར་ཊི་དང་ དམིགས་བསལ་དུ་ ཨོ་ཏིག་གི་རིགས་ལས་ཨིནམ་ད་ དེ་ཡང་ མང་ཤོས་ཅིག་གིས་ མལ་ཏོཇ་བཟུམ་ཅིག་སྦེ་ བཟོཝ་ཨིན། འདི་འབདཝ་ལས་ མཁའ་འགྲོའི་ནང་ལས་ཐོན་མི་ ཨེན་ཇེམ་འདི་ ཐའི་ལིན་ (amylase) ཨིན།

འདི་གི་ལན་འདི་ aཨིན།
ཨ་པ་གི་འགན་ཁུར་ངོ་མ་འདི་ ག་ཅི་ཨིན་ན་ཟེར་བ་ཅིན་"
