Question,Question_fixed,Question Dz,a,b,c,d,Correct Answer,Diagram,Year and Board,GT Sanity,a Dz,b Dz,c Dz,d Dz,Correct Answer Dz,Unnamed: 16,Year and Board Dz,Similarity Score,Red Flag,Yellow Flag,Recheck,Question_fixed.1,Question_Type,LLM_unparsed,English_Response
0,"The equilibrium constant for the reactions X + Y \rightleftharpoons Z and Z\rightleftharpoons X + Y are A and B
respectively.Which one of the following is correct.",????????????????????????????,B=1/A,B=1/\sqrt{A},B = A,B^{-1} = A,a,N,2021Rajshahi,1,B = 1/A ???????,B = 1/\sqrt{A} ???????,B = A,B^{-1} = A,?,a,N,2021Rajshahi,0.883143713,0,0,,"The equilibrium constant for the reactions between X and Y producing Z, and the reverse reaction between Z producing X and Y are represented by constants A and B respectively. Which of the following equations correctly relates B to A?",Procedural and Application,{"Answer": "Procedural and Application"}
1,which one of the following will be easier for the production of vinegar?,X+Y\rightleftharpoons z ??????????? A ??? Z \rightleftharpoons X + Y ??????????? B ??????? ?????????????????????????????,potato,Date-juice,Ethanol,Glucose,c,N,2021Rajshahi,1,?????,??????????????,?????,???????,?,c,N,2021Rajshahi,0.908794441,0,0,,Which one of the following would be the easiest to use for vinegar production?,Factual Knowledge,{"Answer": "Factual Knowledge"}
2,"Vinegar-
i. Kills bacteria
ii.can form hydrogen band
iii.is strong acid
Which one is correct?",???????????? ?????????????????? ????????????????????????,i,iii,i&ii,"i.ii,&iii",c,N,2021Rajshahi,1,i,???????,i ? ii,"i, ii ? iii",?,c,N,2021Rajshahi,0.938500767,0,0,,"Which of the following is correct about vinegar?
i. Vinegar kills bacteria.
ii. Vinegar can form a hydrogen bond.
iii. Vinegar is a strong acid.",Factual Knowledge,{"Answer": "Factual Knowledge"}
3,Which compound has highest melting point?,"?????????
i. ???????????? ???????????????????????
?? ?????????????????????????????????
??????? ????????????
????????????????? ???????????????????
????????????????????????????? ???????????? ????????????????????????????????????
?????????????????????? ?????????????????????????? ??????????????????????",Cal_{2},CaBr_{2},CaCI_{2},CaF_{2},d,N,2021Rajshahi,1,CAI_{2} ??????????,??????_{2},CaCl_{2},CaF_{2},?,d,N,2021Rajshahi,0.938305126,0,0,,Which compound has the highest melting point?,Reasoning,{"Answer": "Reasoning"}
