Question,Question_fixed,Question Dz,a,b,c,d,Correct Answer,Diagram,Year and Board,GT Sanity,a Dz,b Dz,c Dz,d Dz,Correct Answer Dz,Unnamed: 16,Year and Board Dz,Similarity Score,Red Flag,Yellow Flag,Recheck,Question_fixed.1,Question_Type,LLM_unparsed,English_Response
0,"The kinetic energy of two object are equal. If the mass of first one is 4 times of other, then what is the ratio of momentum between them?",འདྲི་དཔྱད་འབད་ཡོད་པའི་ལན་ཚུ་,2 : 1,4 : 1,1 : 2,1 : 4,a,N,2022Dinajpur,1,2 : 1,4 : 1,1 : 2,1 : 4,ཀ་,a,N,2022Dinajpur,0.9534613407,0,0,,"The kinetic energy of two objects is equal. If the mass of the first one is four times that of the other, what is the ratio of their momenta?",Procedural and Application,"{""Answer"": ""Procedural and Application""}"
1,"Which one is the raito of angular velocities of hour, minute and second hands of a wall watch?",གཉིས་ཆ་ར་ལུ་ དངོས་པོའི་ཤུགས་འདི་འདྲན་འདྲ་ཨིན། དང་པ་དེ་གི་ལྗིད་ཚད་འདི་ གཉིས་པ་དེ་གི་ལྗིད་ཚད་ཀྱི་གྱངས་ཁ་ལས་ བཞི་ཨིནམ་ད་ གཉིས་པ་དེ་གི་ལྗིད་ཚད་དང་ མགྱོགས་ཚད་ཀྱི་ཆ་སྙོམས་འདི་ག་དེམ་ཅིག་ཨིན་ན?,1 : 12 : 720,2 : 12 : 720,12 : 1 : 720,720 : 12 : 1,a,N,2022Dinajpur,1,1:24:00,2:24:00,12:13:00,720:12:01,ཀ་,a,N,2022Dinajpur,0.9278809178,0,0,,"What is the ratio of the angular velocities of the hour, minute, and second hands of a wall watch?",Reasoning,"{""Answer"": ""Reasoning""}"
2,An object of mass m falls on the ground from a height 'h' At which height from the ground the kinetic energy will be 3 times of the potential energy of the body?,ཆུ་ཚོད་དང་ དུས་ཡུན་སྐར་མ་ དེ་ལས་ སྐར་མ་གི་ཐད་ཁར་ ལྕགས་ཀྱི་ཆུ་ཚོད་དེ་གི་ ཟུར་ཐིག་གི་ཤུགས་ཚད་དེ་ག་དེམ་ཅིག་ཡོདཔ་ཨིན་ན?,\frac{2h}{3},\frac{h}{2},\frac{h}{3},\frac{h}{4},d,N,2022Dinajpur,1,\frac{2h}{3},\frac{h}{2},\frac{h}{3},\frac{h}{4},ག,d,N,2022Dinajpur,0.9013095157,0,0,,"At what height from the ground will the kinetic energy of an object of mass m be three times the potential energy of the body, when it falls from a height 'h'?",Procedural and Application,"{""Answer"": ""Procedural and Application""}"
3,Which force is responsible for beta decay?,m ལྗིད་ཚད་ཅན་གྱི་དངོས་པོ་ཅིག་ h མཐོ་ཚད་ལས་ས་ཁར་འགྱེལ་ནུག ས་གཞི་ལས་མཐོ་ཚད་ག་དེ་ཅིག་ལུ་ གློག་ཤུགས་ཀྱི་ཤུགས་འདི་ དབྱེ་བ་ཕྱེ་ནིའི་ཤུགས་ལས་ ༣ སྦེ་འཐོན་ནི་ཨིན་ན?,Gravitational force,Weak nuclear force,Strong nuclear force,Electromagnetic force,b,N,2022Dinajpur,1,মহাকর্ষ,"ནུས་ཤུགས་མེད་མི་ ནུས་ཤུགས་ཀྱི་གློག་ཤུགས་
",ནུས་ཤུགས་ཅན་གྱི་ ནུས་ཤུགས་ཀྱི་གློག་ཤུགས་,གློག་ཤུགས་ཀྱི་གློག་ཤུགས་,ལྡོག་ཕྱོགས་,b,N,2022Dinajpur,0.9318851198,0,0,,Which force is responsible for beta decay?,Factual Knowledge,"{""Answer"": ""Factual Knowledge""}"
287,"When the maximum displacement coccur by the particle in simple harmonic motion is-
 i. minimum velocity
 ii. Maximum acceleration
 iii. Maximum force
 Which one is correct?","ཤུགས་ཀྱི་རིམ་པ་ལུ་བལྟ་བ་ཅིན་ གློག་ཤུགས་ཀྱི་རིམ་པ་ལུ་བལྟ་བ་ཅིན་ གློག་ཤུགས་ཀྱི་རིམ་པ་ལུ་བལྟ་བ་ཅིན་ གློག་ཤུགས་ཀྱི་རིམ་པ་ལུ་བལྟ་བ་ཅིན་
i. མགྱོགས་དྲགས་སྦེ་ འགྱོ་མ་དགོ་
༢། མགྱོགས་དྲགས་འབད་དགོ
གསུམ་པ་ ག་དེ་དྲག་དྲག་སླབ་གནང་།
འོག་ལུ་ཡོད་མི་ལས་ ག་འདི་བདེན་པ་ཨིན་ན?",i & ii,i & iii,ii & iii,"i, ii & iii",d,N,2022Jashore,1,i ও ii,i ও iii,ii ও iii,"i, ii ও iii",ག,d,N,2022Jashore,0.9162606794,0,0,,"When the maximum displacement coccur by the particle in simple harmonic motion is-
 i. minimum velocity
 ii. Maximum acceleration
 iii. Maximum force
 Which one is correct?",Procedural and Application,"{""Answer"": ""Procedural and Application""}"