,Question,Question Dz,a,b,c,d,Correct Answer,Diagram,Year and Board,GT Sanity,a Dz,b Dz,C Dz,d Dz,Correct Answer Bn,Map,Diagram Dz,Year and Board Bn,Similarity Score,Red Flag,Yellow Flag,Recheck,Question_fixed,Question_Type,LLM_unparsed,English_Response
202,The value of the weight of an object- i. depends on its mass ii. Difference in different places iii. Is maximum in pole region Which one is correct?,????????????????????????????- i. ????????????????????? ii. ????????????????????????? iii. ?????????????????????? ???????????????????????,i & ii,i & iii,ii & iii,"i, ii & iii",d,N,2019Rajshahi,1,i ??? ii,i ??? iii,ii ??? iii,"i, ii, iii",?,d,N,2019??????,0.896872251,0,0,,The value of the weight of an object- i. depends on its mass ii. Difference in different places iii. Is maximum in pole region Which one is correct?,Factual Knowledge,{"Answer": "Factual Knowledge"},"The value of the weight of an object: i. Depends on its mass (correct). ii. Differs in different places (correct). iii. Is maximum in pole region (correct). Correct answer: (i, ii, iii)."
0,Through which membrane both solute and solvent can pass?,?????????????????????????????????????????????????????????,Polythene,Cell wall,Cell membrane,Membrane of fish potka,b,N,2019Barishal,1,?????????,????????????,?????????????,????????????????,??,b,N,2019?????,0.868534993,0,0,,Through which membrane can both solute and solvent pass?,Factual Knowledge,{"Answer": "Factual Knowledge"},(b) Cell wall: Permeable membrane allowing both solute/solvent.
1,What is the value of electric current through a 5O resistor at 10V?,10V ???5O ??????????????????????????????????????????????????,0.5A,2A,5A,15A,b,N,2019Barishal,1,?.?A,?A,?A,??A,??,b,N,2019?????,0.809451734,0,0,,What is the electric current value?,Procedural and Application,{"Answer": "Procedural and Application"},Using Ohm's Law: I = V/R = 10/5 = 2A.
2,What process helps water lily petals open?,????????????????????????????????????????,Diffusion,Osmosis,Transpiration,Imbibition,b,N,2019Barishal,1,?????????????,???????????,??????????,???????,??,b,N,2019?????,0.876488577,0,0,,What process opens petals?,Procedural and Application,{"Answer": "Procedural and Application"},"(b) Osmosis increases turgor pressure, opening petals."
3,Which has a valency of three?,????????????????? ?????????????,Nitrate,Carbonate,Phosphate,Ammonium,c,N,2019Barishal,1,????????,?????????,???????,???????????,?,c,N,2019?????,0.893141662,0,0,,Which has valency 3?,Factual Knowledge,{"Answer": "Factual Knowledge"},(c) Phosphate (PO4�?) has valency 3.
