identity,question,a,b,c,ཀ་,correct_ answer
ssc-biology-10-1,འོད་སྦྱོར་འབད་ནིའི་དོན་ལུ་ དྲོད་ཚད་ག་དེ་དྲག་ནི་ཨིན་ན?,12°C - 25°C,17°C - 30°C,22°C ལས་ 35°C གི་བར་ན་,22°C ལས་ 35°C གི་བར་ན་,c
ssc-biology-10-2,ཉི་མའི་ཤུགས་འདི་ གནས་སྟངས་ཀྱི་ཤུགས་སྦེ་གསོག་འཇོག་འབད་ཡོདཔ་ཨིན་ན?,ནད་འབུབ་དང་ ནད་འབུབ་གཞན་ཚུ་,ཆུ་,སྣུམ་འཁོར་ནང་ ནད་ཡམས་ཀོ་བིཌ་-༡༩ ཐོན་དོ་ཡོདཔ་ཨིན་པའི་གནས་ཚུལ།,སྣུམ་འཁོར་ནང་ ནད་ཡམས་ཀོ་བིཌ་-༡༩ ཐོན་དོ་ཡོདཔ་ཨིན་པའི་གནས་ཚུལ།,d
ssc-biology-10-3,"Rahim Saheb གི་བུམོ་ཆུང་ཤོས་ Tania འདི་ལོ་ ༢༠་ལང་མི་ཨིནམ་ད་ མོ་གི་གཟུགས་ཚད་དེ་ མི་ཊར་ ༡.༥ དང་ ལྗིད་ཚད་དེ་ ཀེ་ཇི་ ༦༠ ཨིཨིནམ་ལས་ བདུན་ཕྲག་རེ་ནང་ ཉིནམ་༢ དང་༣ དེ་ཅིག་ ལུས་རྩལ་འབདཝ་ཨིན་པས།

Taniaལུ་ BMRག་དེམ་ཅིག་ཡོདཔ་སྨོ་ཟེར་
Rahim Saheb གི་བུམོ་ཆུང་ཤོས་ Tania འདི་ལོ་ ༢༠་ལང་མི་ཨིནམ་ད་ མོ་གི་གཟུགས་ཚད་དེ་ མི་ཊར་ ༡.༥ དང་ ལྗིད་ཚད་དེ་ ཀེ་ཇི་ ༦༠ག་ཨིནམ་ལས་ བདུན་ཕྲག་རེ་ནང་ ཉིནམ་༢ དང་༣ དེ་ཅིག་ ལུས་རྩལ་འབདཝ་ཨིན་པས།",ཀ་ལོ་རི་ ༡༨༠༡.༥,ཀ་ལོ་རི་ ༡༧༠༥.༠,ཀ་ལོ་རི་ ༡༥༩༥.༠,ཀ་ལོ་རི་ ༡༥༩༥.༠,d
ssc-biology-10-4,,i དང་ ii,i དང་ iii,ii དང་ iii,ii དང་ iii,a
ssc-biology-10-5,རེ་ཤེ་ཌར་,6,10,16,16,b
ssc-biology-10-6,i. BMRའདི་ ༡༥༩༦.༥ ཀ་ལོ་རི་ཨིན།,ཨོམ་,དྲོ་མཛར་,སྦྲང་རྩི་,སྦྲང་རྩི་,c
ssc-biology-10-7,༢། BMIའདི་ ༢༤.༧༧ ཨིན་པས།,ཨམ་བི་ཤི་ན་,ཁྱབ་ཚད་,འཐོན་འགྱོ་ནི་,འཐོན་འགྱོ་ནི་,d
ssc-biology-10-8,གསུམ་པ་ ཉིནམ་རེ་ལུ་ ཀ་ལོ་རི་ ༣༠༣༣.༣༥ དགོཔ་ཨིན།,ནད་གཞི་ཀེན་སར་,ནད་གཞི་དེ་གི་ ནད་གཞི་དེ་ དྲག་ཤོས་ཅིག་ཨིན་མས།,ཏ་ལ་སེམ་ཡཱན་,ཏ་ལ་སེམ་ཡཱན་,b
ssc-biology-10-9,འོག་ལུ་ཡོད་མི་ལས་ ག་འདི་བདེན་པ་ཨིན་ན་ཟེར་བ་ཅིན་,མཆིན་པ་,གླང་ཁོག་,གློག་ཐག་ར་བ་,གློག་ཐག་ར་བ་,a
ssc-biology-10-10,སྔོ་ཚལ་འདི་ཡར་རྒྱས་འགྱོ་ནིའི་དོན་ལུ་ ཟས་བཅུད་འབོར་ཆེ་ཏོག་ཏོ་ག་དེ་ཅིག་ དགོཔ་ཡོདཔ་ཨིན་ན?,ཡུ་རི་ཡ་,ཀྲི་ཡ་ཏིན་ནིན་,ཡུ་རོ་ཀོརོམ་,ཡུ་རོ་ཀོརོམ་,c
ssc-biology-10-11,བཟའ་འཐུང་ག་དེ་ཅིག་གིས་ གཟུགས་ལུ་ ཐད་ཀར་དུ་ གནསཔ་ཨིན་ན?,2,4,6,6,a
ssc-biology-10-12,"ག་ལུ་ ""ཁག་ཆེཝ་མེད་པའི་རྐྱེན་ངན་"" ཟེར་སླབ་ནི་ཨིན་ན?",ཨཱལ་བུ་མཱིན་,ཐའི་རོསི་ཁཱེན་,པེཔསི་བིན་,པེཔསི་བིན་,b
ssc-biology-10-13,ནདཔ་ག་ལུ་ ནད་རྟགས་ག་ནི་ཡང་ མ་མཐོང་པར་ སེམས་ཁམས་ནད་གཞི་ཐོབ་ཡོདཔ་ཨིན་ན?,ཐའི་མཱིན་,སི་ཊོ་སི་ནའི་,གུ་ཝིན་ནིང་,གུ་ཝིན་ནིང་,a
ssc-biology-10-14,ཨ་ལོ་ཚུ་གིས་ ཊཱོན་སིལསི་དང་ མཆིན་པ་ན་བའི་ནད་གཞི་ ག་ལུ་ཐོབ་དོ་ཡོདཔ་ཨིན་ན?,Sweden ལུ་,པཱ་ཀི་སི་ཏཱན་,ཇར་མ་ནི་,ཇར་མ་ནི་,a
ssc-biology-10-15,ག་ལུ་བརྟེན་ན་ཨོམ་དེ་ དྭངས་འཕྲོས་འཕྲོས་སྦེ་ དྭངས་སེརཔོ་ལུ་འགྱུར་འགྱོཝ་ཨིན་ན?,Vibrio cholerae འདི་ ཀོ་རཱན་ནད་འབུབ་ཨིན་མས།,ཨའི་པིསི་ཨེན་ཌི་ཀ་,Periplaneta ameracana འདི་ཡང་ ཨ་མི་རི་ཀ་གི་མཐའ་འཁོར་ལུ་ཆགས་མི་ཅིག་ཨིན་མས།,Periplaneta ameracana འདི་ཡང་ ཨ་མི་རི་ཀ་གི་མཐའ་འཁོར་ལུ་ཆགས་མི་ཅིག་ཨིན་མས།,c
ssc-biology-10-16,སྲོག་ཆགས་ཀྱི་སྒོ་ཏོ་འདི་ དབྱེ་བ་ཕྱེ་ཞིནམ་ལས་ སྲོག་ཆགས་ཀྱི་སྒོ་ཏོ་ག་དེ་ཅིག་ཐོན་འོང་ག་?,ས་གཞི་,འོད་ཟེར་,རླུང་,རླུང་,b
ssc-biology-10-17,འ་ནི་ནང་ལས་ ག་འདི་ གཟུགས་ཀྱི་གཟུགས་ཁམས་དང་ གཟུགས་ཁམས་ཀྱི་གནས་སྟངས་ལུ་ཕན་ཐོགས་ཡོདཔ་ཨིན་ན?,དཀར་འབྲུ་,ཀེ་བ་,དཀར་འབྲུ་,དཀར་འབྲུ་,b
ssc-biology-10-18,ཌི་ཨེན་ཨེས་འདི་ནང་ལུ་ ཡུ་རཱ་སིལ་འདི་ ག་གི་ཚབ་ལུ་ཡོདཔ་ཨིན་ན?,২-৪%,৩-৫%,৫-৭%,৫-৭%,d
ssc-biology-10-19,Carolus Linnaeusའདི་ རྒྱལ་ཁབ་ག་ལས་ཨིན་པའི་ ཚན་རིག་མཁས་པ་ཅིག་ཨིན་ན།,adenosine monophosphate འདི་ཡང་ ཨ་ཌེ་ནོ་སི་ནོ་མོ་ནོ་ཕོསི་བེཊི་ཨིན།,adenosine diphosphate འདི་ཡང་ ཨ་ཌེ་ནོ་སི་ནའི་ཌི་ཕོསི་བེཊ་ཨིན།,adenosine triphosphate འདི་ཡང་ ཨ་ཌེ་ནོ་སི་ནའི་ཏིརི་ཕོསི་བེཊ་ཨིན།,adenosine triphosphate འདི་ཡང་ ཨ་ཌེ་ནོ་སི་ནའི་ཏིརི་ཕོསི་བེཊ་ཨིན།,c
ssc-biology-10-20,Arshola གི་རིག་པའི་མིང་འདི་ག་ཅི་ཡོདཔ་?,གེ་ཟ་,ཨེ་མ་,ཇ་མི།,ཇ་མི།,a
ssc-biology-10-21,ལེའུ་ཀོ་པཱལ་སི་ཊི་འདི་ ག་དང་འབྲེལ་བ་འཐབ་སྟེ་ ཀི་ལོ་རོ་པཱལ་སི་ཊི་ལུ་འགྱུར་འགྱོཝ་ཨིན་ན?,༢༢་,༢༤ ཨིན་པས།,༢༦,༢༦,b
ssc-biology-10-22,འོག་གི་རྩི་ཤིང་ག་ལུ་ནང་ལུ་ phloem parenchymaཡོདཔ་ཨིན་ན?,རྒུན་འབྲུམ་,དམར་ཁུ་,དཀར་འབྲུ་,དཀར་འབྲུ་,c
ssc-biology-10-23,ཁྲག་ནང་ སྐྱེ་ལྡན་དང་ སྐྱེ་ལྡན་མེན་པའི་རྫས་ག་དེ་ཅིག་ཡོདཔ་ཨིན་ན?,ཨེ་པཱལ་,ཉ་བསད་མི་,གླང་གི་ཤ་,གླང་གི་ཤ་,a
ssc-biology-10-24,ATP འདི་ག་དེ་སྦེ་ཁྱབ་སྟེ་ཡོདཔ་སྨོ་,14,15,16,16,c
ssc-biology-10-25,ཤིང་རིགས་ག་འདི་ནང་ལུ་ དང་པ་རང་གནས་ཚུགས་པའི་རྒྱུ་རྫས་འདི་ ཀར་བཱོན་བཞི་འབད་མི་ ཨོསི་ཏོ་ཨེས་ཊི་ཨེས་ཌི་ ཨེསི་ཌི་འདི་ཡོདཔ་ཨིན་ན?,ཉིན་གྲངས་ ༢ ལས་ ༡༠ ཚུན་,ཉིན་གྲངས་ ༥ ལས་ ༡༠ ཚུན་,ཉིན་གྲངས་༧ ལས་༡༠ ཚུན་,ཉིན་གྲངས་༧ ལས་༡༠ ཚུན་,b
ssc-biology-10-26,ཀེ་རེབསི་འཁོར་ལོའི་ནང་ ATPག་དེ་ཅིག་ ཐོན་སྐྱེད་འབདཝ་ཨིན་ན?,ཤིང་འབྲས་ཀྱི་པགས་པ་,ཤིང་སྡོང་གི་གནས་སྡུད་,ལོ་ཐོག་ཚུ་,ལོ་ཐོག་ཚུ་,d
ssc-biology-10-27,འདི་ནང་ལས་ག་ནང་ལུ་ ཨེན་ཁུ་རེཊ་མང་སུ་ཡོདཔ་ཨིན་ན?,དམར་མེ་ཕུད་རྡོག་གཅིག་,མུ་གཱཌཱལ་,ཐོ་མཱའུ།,ཐོ་མཱའུ།,d
ssc-biology-10-28,འོག་གི་རྒྱུ་རྫས་ག་ཏེ་ལས་ ཨལ་ཀ་ལེ་རེ་ཨུ་རི་ན་བཟོ་ནི་ཨིན་ན?,90,92,95,95,a
ssc-biology-10-29,སྦལཔ་གི་ནང་ལུ་ ནིཊི་ཇཱོན་བརྒྱ་ཆ་ག་དེ་ཅིག་ཡོདཔ་ཨིན་ན?,ལའུ་,ཀེ་བ་,ཚ་གྱང་ལང་དོ་,ཚ་གྱང་ལང་དོ་,d
ssc-biology-10-30,སྐྱེ་ལྡན་སྲོག་ཆགས་ཚུ་གིས་ དུས་ཡུན་ག་དེམ་ཅིག་རིང་སྡོད་ནི་ཡོདཔ་ཨིན་ན?,ཨེ,བི་,ཨེབ,ཨེབ,d
ssc-biology-10-31,ན་ཟུག་གི་ནད་གཞི་འདི་ ག་ལུ་ཕོག་ནི་སྨོ་,སྐར་མ་ ༣.༥ ལས་ ༣༠.༠ གི་བར་ན་ཨིན།,སྐར་མ་༣.༥ ལས་ ༣༥.༠ འི་བར་ན་ཨིན།,4.5ལས་ 30.0 འི་བར་ན་ཨིན།,4.5ལས་ 30.0 འི་བར་ན་ཨིན།,a
ssc-biology-10-32,ཇི་ཇི་ལུ་ ཝི་ཊ་མིན་ཚིལ་ལུ་ མུ་ཏིག་གཏང་ཚུགས་པའི་ ནད་འབུབ་ཡོདཔ་ཨིན་ན?,ལྡུམ་ར་,རཇ་ནི་གན་ད་,གེ་ཟ་,གེ་ཟ་,d
ssc-biology-10-33,མི་གི་ཕོཝ་ནང་ ཆུའི་རྒྱ་ཆ་ག་དེམ་ཅིག་ཡོདཔ་ཨིན་ན?,ཨེ་ནེཟེམ་,པེརཱསི་མཱལ་,ལཱསི་ཀ་,ལཱསི་ཀ་,d
ssc-biology-10-34,དབྱེ་བ་ཕྱེ་མི་མེ་ཏོག་འདི་ག་ཅི་ཡོདཔ་ཨིན་ན?,i དང་ ii,i དང་ iii,ii དང་ iii,ii དང་ iii,a
ssc-biology-10-35,ཁྲག་ག་གི་སྡེ་ཚན་ག་ལུ་ ཡོངས་འབྲེལ་གྱི་ ཁྲག་བྱིན་མི་སྦེ་སླབ་ནི་ཨིན་ན?,1,2,3,3,d
ssc-biology-10-36,chromosome གི་རིང་ཚད་འདི་ག་དེམ་ཅིག་ཡོདཔ་ཨིན་ན?,20°C - 30°C གི་བར་ན་,20°C - 35°C,20°C - 45°C གི་བར་ན་,20°C - 45°C གི་བར་ན་,c
ssc-biology-10-37,མེ་ཏོག་གི་དྲིམ་མེད་ག་?,1949,1951,1952,1952,d
ssc-biology-10-38,མཆིན་པ་གི་གློག་ཤུགས་འདི་ མཆིན་པ་གི་གློག་ཤུགས་ཨིན།,ལན་གསལ་ཚུ་,སྣུམ་འཁོར་,ཤིམ་ཱུལ་,ཤིམ་ཱུལ་,a
ssc-biology-10-40,,རུ་ཨི,ཉ་རྒོད་,དོམ་,དོམ་,b
ssc-biology-10-41,འདི་ལུ་བལྟ་བ་ཅིན་ གློག་ཤུགས་འདི་ ཇི་བཱལ་གྱི་ནང་ལུ་ཡར་འཕར་འགྱོ་དོ་ཡོདཔ་ད་ གློག་ཤུགས་འདི་ ཇི་བཱལ་གྱི་ནང་ལུ་ཡར་འཕར་འགྱོ་དོ་ཡོདཔ་ད་,3,4,5,5,a
ssc-biology-10-42,ཨམ་སྲུ་གི་སྒོ་ལས་ སྐྱེ་བའི་སྐབས ཁམས་ཕྲན་གསུམ་འདི་ མེདཔ་བཏང་ཡོདཔ་དང་ ཁམས་ཕྲན་གཉིས་འདི་ དབྱེ་བ་ཕྱེ་ནི་འགོ་བཙུགས་ནུག,1,2,3,3,d
ssc-biology-10-43,,ཆུ་,ཁུ་རུ་ཐང་,པེ་ཊ་སི་ཡམ་,པེ་ཊ་སི་ཡམ་,a
ssc-biology-10-44,ཇི་ཨེམ་ཊོ་ཕིཊི་འདི་ སྐྱེ་བའི་དུས་ཚོད་ལུ་,སེརན་ཀི་མ་,ཀོ་ལེ་ནཀེ་མཱལ་,ཨེ་རེན་ཀེ་མཱལ་,ཨེ་རེན་ཀེ་མཱལ་,c
ssc-biology-10-45,i. ཕྲ་རྡོག་འདི་གིས་ ཁམས་ཕྲན་བཟོ་ནུག,ཨམ་ནི་ཡཱོན་,ཁྲག་དང་ཁྲག་གི་ལམ་,སྦལ་རས་ཀྱི་སྐུད་པ་,སྦལ་རས་ཀྱི་སྐུད་པ་,d
ssc-biology-10-46,༢། ཕྲ་རིང་འདི་ nucleus བཟོཝ་ཨིན།,མེ་ཊོ་སི་སི་,མེ་ཡོ་སིསི་,ཨའི་མི་ཊོ་སི་,ཨའི་མི་ཊོ་སི་,b
ssc-biology-10-47,གསུམ་པ་ ཨ་ལོ་ཆགས་སའི་ས་སྒོ་འདི་ ཨ་ལོ་ཆགས་སའི་ས་སྒོ་འདི་ཨིན།,i དང་ ii,i དང་ iii,ii དང་ iii,ii དང་ iii,d
ssc-biology-10-48,འོག་ལུ་ཡོད་མི་ལས་ ག་འདི་བདེན་པ་ཨིན་ན་ཟེར་བ་ཅིན་,རའི་བོ་ཟོམ་,སེན་ཊི་རི་ཨོལ་,ཀྲོ་མོ་ཟོམ།,ཀྲོ་མོ་ཟོམ།,c
ssc-biology-10-49,མི་གི་མིག་ཏོ་གི་ཚོས་གཞི་དང་ གཟུགས་ཀྱི་གཟུགས་ཀྱི་བཟོ་རྣམ་ཚུ་ ག་བཟུམ་ཅིག་ལུ་བརྟེན་ཡོདཔ་ཨིན་ན?,ཀྲོ་མོ་པཱལ་སི་ཊི་,རའི་བོ་ཟོ་མ,སེན་ཊོ་ཟོ་མཱ།,སེན་ཊོ་ཟོ་མཱ།,b
ssc-biology-10-50,ལྕོགས་གྲུབ་ཅན་འདི་ ག་བཟུམ་ཅིག་ལུ་འགྱུར་ཡོདཔ་ཨིན་ན?,০.২-২.০,২.০ - ৩০.০,২.৫ - ৩০.০,২.৫ - ৩০.০,d
ssc-biology-10-51,chromosome གི་རིང་ཚད་འདི་ micron ག་དེ་ཅིག་ཡོདཔ་ཨིན་ན?,22,23,44,44,c
ssc-biology-10-52,མི་གི་གཟུགས་ནང་ རང་སོའི་གཟུགས་ཅན་འདི་ག་དེམ་ཅིག་ཡོདཔ་ཨིན་ན?,DNA,RNA འདི་,ཨ་ནོ་ཇིག་ཕོསི་བེཊི་,ཨ་ནོ་ཇིག་ཕོསི་བེཊི་,b
ssc-biology-10-53,TMVནང་ལུ་ ནིའུ་ཀིལ་ཨེས་ཨསིཌ་འདི་ག་ཅི་ཡོདཔ་ཨིན་ན?,2,3,4,4,b
ssc-biology-10-54,ཨ་ལོ་ཆགས་སའི་ས་སྒོ་འདི་ནང་ལུ་ ཁམས་ཕྲན་ག་དེ་ཅིག་ཡོདཔ་ཨིན་ན?,i དང་ ii,ii དང་ iii,i དང་ iii,i དང་ iii,c
ssc-biology-10-56,,ཏ་ར་ཀི་ཌ་,སི་བཱནོལ་,སྒྲ་དབྱངས་ཁང་,སྒྲ་དབྱངས་ཁང་,a
ssc-biology-10-57,ཇི་ནི་ཇོ་བོ་གིས་ ...,i དང་ ii,ii དང་ iii,i དང་ iii,i དང་ iii,c
ssc-biology-10-58,i. ཀོ་རེནཊི་,2,3,4,4,c
ssc-biology-10-59,༢། གློག་ཤུགས་,P,ཀ་,ཀ་,ཀ་,d
ssc-biology-10-60,གསུམ་པ་ གེ་ཟ་,i དང་ ii,ii དང་ iii,i དང་ iii,i དང་ iii,c
ssc-biology-10-61,འོག་ལུ་ཡོད་མི་ལས་ ག་འདི་བདེན་པ་ཨིན་ན་ཟེར་བ་ཅིན་,ཨོམ་དང་ཉ་,གཡག་དང་ཤིང་འབྲས་,ཤ་དང་མར་ཁུ་,ཤ་དང་མར་ཁུ་,a
ssc-biology-10-63,ཤོག་གུ་གུ་ལུ་ དམར་པོ་གི་ཐིག་ཁྲམ་འདི་ ཟས་བཅུད་ག་ཅི་ལུ་བརྟེན་ཡོདཔ་ཨིན་ན?,སེམས་ཀྱི་རྣམ་འགྱུར་,Protista,ཕཱན་ཇའི་,ཕཱན་ཇའི་,b
ssc-biology-10-64,འ་ནི་ལས་ཀ་འདི་གིས་ གཟུགས་ཁམས་འཕྲོད་བསྟེན་ལུ་ ཕན་ཐོགས་འབྱུང་འོང་།,i དང་ ii,ii དང་ iii,i དང་ iii,i དང་ iii,c
ssc-biology-10-65,i. C_{6}H_{12}O_{6} འདི་ལུ་བལྟ་བ་ཅིན་,གེ་ཟ་,ཨེ་མ་,ཤ་པ་ལཱལ་,ཤ་པ་ལཱལ་,a
ssc-biology-10-66,༢། CO_{2} འདི་ཡང་,i དང་ ii,ii དང་ iii,i དང་ iii,i དང་ iii,a
ssc-biology-10-67,གསུམ་པ་ H_{2}O འདི་ལུ་,གཟུགས་ཀྱི་ལྗིད་ཚད་མར་བབས་སོང་ཡོདཔ།,མི་ཚེའི་གནས་སྟངས་བཟང་པོ་ལུ་ བལྟ་བ་ཅིན་,གཟུགས་ཀྱི་ལྗིད་ཚད་མར་བབས་སོང་ཡོདཔ།,གཟུགས་ཀྱི་ལྗིད་ཚད་མར་བབས་སོང་ཡོདཔ།,b
ssc-biology-10-68,འོག་ལུ་ཡོད་མི་ལས་ ག་འདི་བདེན་པ་ཨིན་ན་ཟེར་བ་ཅིན་,1596,1915,2195,2195,a
ssc-biology-10-69,བཟའ་འཐུང་གི་པི་ར་མཱིས་ནང་ མཐོ་ཤོས་ཀྱི་གནས་ཚད་གཉིས་པ་ལུ་ བཟའ་འཐུང་ག་ཡོདཔ་ཨིན་ན?,ནིའུ་ཊི་རོ་ཕི་ལ,ཨེའུ་སི་ནོ་ཕི་ལ,བེ་ཟོ་ཕི་ལ,བེ་ཟོ་ཕི་ལ,a
ssc-biology-10-70,ཐགས་ཏོ་གི་བཟོ་བཀོད་དེ་གི་སྐོར་ལས་ ལེའུ་འདི་ནང་ག་ཅི་བཀོད་ཡོདཔ་ཨིན་ན?,b,a འདི་ཡང་,ལེན་མི་ཚུགས།,ལེན་མི་ཚུགས།,b
ssc-biology-10-71,ཌི་ཨའི་ཊོམ་འདི་ རྒྱལ་ཁབ་ག་ནང་ལུ་ཡོདཔ་ཨིན་ན?,མཆིན་པ་ལུ་གནོད་པའི་ ནད་གཞི་,སྟེང་གི་དབུ་ཁྲིདཔ་,མཆིན་པའི་ཁྲག་དེ་ མཆིན་པའི་ཁྲག་ཨིན།,མཆིན་པའི་ཁྲག་དེ་ མཆིན་པའི་ཁྲག་ཨིན།,d
ssc-biology-10-73,,དམར་ཁོངས།,དཀར་ཆག་འདི་ དཀར་ཆག་སེརཔོ་འབད་ཡོདཔ་ཨིན།,དམར་པོ་,དམར་པོ་,a
ssc-biology-10-74,རིན་གོང་འདི་ རིན་གོང་གཞན་གྱི་དོན་ལུ་ཨིན།,1905,1915,1920,1920,a
ssc-biology-10-76,རང་གིས་རང་ལུ་ དུག་སྤོ་ནི་དེ་ ག་ཅི་འབད་ཁག་ཆེ་ཤོས་ཨིན་ན?,དབྱེ་བ་ཕྱེ་ནི་དེ་ འགོ་བཙུགས་ནུག,ལེགས་བཅོས་འབད་ཚུགས་པའི་ནུས་པ་ཡར་འཕར་སོང་ནུག།,སོན་ཡར་འཕར་འགྱོ་ནི་གི་ཉེན་ཁ་ཡོདཔ་ཨིན།,སོན་ཡར་འཕར་འགྱོ་ནི་གི་ཉེན་ཁ་ཡོདཔ་ཨིན།,d
ssc-biology-10-77,ཕམ་གཞན་དང་ ཕམ་གཞན་གྱི་ ཨ་ལོ་ཚུ་གི་བར་ན་ ཚད་ནད་ཐོབ་ནིའི་ཉེན་ཁ་ག་དེམ་ཅིག་ཡོདཔ་ཨིན་ན?,১ : ২ : ১,১ : ১ : ১ : ১,১ : ৩,১ : ৩,a
ssc-biology-10-78,DNA གི་ནང་ལུ་ རིགས་མཚན་གྱི་ས་སྒོ་འདི་ ག་ཅི་སྦེ་སླབ་ནི་ཨིན་ན?,ལོ་ཀཱསི་,ཀའི་ཡ་ཟམ་,ཀོརསི་ཨོ་ཝར་,ཀོརསི་ཨོ་ཝར་,a
ssc-biology-10-79,མེན་ཌེལ་གྱི་རྣམ་གཞག་འདི་ ག་ལུ་ལག་ལེན་འཐབ་ནི་ཡོདཔ་ཨིན་ན?,ས་ཞིང་ཚུ་ནང་ལས་ རྩྭ་ཚུ་བཏོན་ནི་,ལོ་ཐོག་གི་རིགས་ཚུ་ ལེགས་ཤོམ་བཟོ་ནི་ལུ་,འབུབ་དང་སྤྱང་ཀི་ཚུ་བཀག་ནི་,འབུབ་དང་སྤྱང་ཀི་ཚུ་བཀག་ནི་,b
ssc-biology-10-80,"ལོ་ལྔ་གི་ཧེ་མ་ Sumi ཀྱིས་གཉེན་རྐྱབ་ཡོདཔ་ཨིན། ཁོང་གཉིས་ལུ་ བུ་གཅིག་དགོ་པའི་རེ་བ་ཡོདཔ་ལས་ ད་ཚུན་གྱི་བར་ན་ བུམོ་༣ ཡོདཔ་ཨིན་པས། འདི་འབདཝ་ལས་ མོ་རའི་རྨགཔ་དང་སྒྱུགམོ་གིས་ མོ་ལུ་ ཉེས་འཛུགས་བཀལ་དོ་ཡོདཔ་ཨིན་མས།

བུ་དང་བུམོ་གཉིས་ཆ་ར་ལུ་ ཕོ་དང་བུམོ་ག་ཨིན་ན་ སླབ་མི་བཏུབ་པས་",༢༢ དང་ ༢༢༠,༢༢ + XY,44 དང་ xx,44 དང་ xx,a
ssc-biology-10-82,i. ཁྱོད་ཀྱིས་ ཤ་རི་ཕ་ལུ་ ཁྲག་བྱིན་ཚུགས།,ཁམས་ཕྲན་འདི་ སྲུང་བཞག་འབདཝ་ཨིན།,གློག་ཤུགས་ཐོན་སྐྱེད་,རིགས་བརྒྱུད་ཡར་འཕེལ་འགྱོ་ནི་,རིགས་བརྒྱུད་ཡར་འཕེལ་འགྱོ་ནི་,b
ssc-biology-10-83,༢། ཁྱོད་ཀྱིས་ཤ་རི་ཕ་གི་ཁྲག་ལེན་ཚུགས།,གཱ་ར་ན་,ཨོ་སི་ཏོ་མ་,མ་ཊིཀསི་,མ་ཊིཀསི་,a
ssc-biology-10-84,གསུམ་པ་ ཁྱོད་ཀྱིས་ Rayhan གི་ཁྲག་ལེན་ཚུགས།,དམར་པོ་,དཀར་ཆག་,དཀར་ཆག་,དཀར་ཆག་,c
ssc-biology-10-85,འོག་ལུ་ཡོད་མི་ལས་ ག་འདི་བདེན་པ་ཨིན་ན་ཟེར་བ་ཅིན་,ཨེམ་སིཊ་སི་ཊི་,བཟའ་འཐུང་གི་བཅགས་བཞག་ས་,ཆུ་གཡུར་གྱི་ལམ་སྟོན་,ཆུ་གཡུར་གྱི་ལམ་སྟོན་,d
ssc-biology-10-86,སྤྱིར་བཏང་མི་གིས་ ཉིན་བསྟར་བཞིན་དུ་ ཆུ་ལི་ཊར་ག་དེ་ཅིག་ལས་བརྒལ་ འཐུང་དོ་ཡོདཔ་ཨིན་ན?,སྦུག་ཁམས་དང་ཀེ་རོ་མོ་སོམ་,nucleolus དང་ lysosome ཚུ་,རིས་བོ་སོམ་དང་ ཨེན་ཌོ་པཱལ་སི་མ་ནི་ཀཱལ་,རིས་བོ་སོམ་དང་ ཨེན་ཌོ་པཱལ་སི་མ་ནི་ཀཱལ་,c
ssc-biology-10-88,i. སྲོག་ཆགས་ཚུ་གིས་ ཁོང་རང་སོ་སོ་གི་རིགས་ཚུ་ སྐྱེ་ཚུགས་དོ་ཡོདཔ་ཨིན་མས།,ནད་འབུབ་དང་ ནད་གཞི་,ཚ་རིམས་ཚབས་ཆེན་,པེ་ཊ་སི་ཡམ་,པེ་ཊ་སི་ཡམ་,a
ssc-biology-10-89,༢། སྦུག་ཤུབས་འདི་ ལེགས་ཤོམ་སྦེ་རང་བཟོ་བཟོཝ་ཨིན་མས།,གློག་ཤུགས་ཉམས་བཅོས་འབདཝ་ཨིན།,ནུས་ཤུགས་ཡོད་པའི་ phosphorylation,པར་སི་ཕོསི་ཕོསི་ཕི་རིལ་འབྱིན་ནི་,པར་སི་ཕོསི་ཕོསི་ཕི་རིལ་འབྱིན་ནི་,c
ssc-biology-10-90,གསུམ་པ་ ཁམས་ཕྲན་འདི་ནང་ལུ་ ཁམས་ཕྲན་ཀྱི་གདོང་ཁེབས་འདི་ཡོདཔ་ཨིན།,དཀར་འབྲུ་,ཀུ་ཤུ་,གེ་ཟ་,གེ་ཟ་,c
ssc-biology-10-91,འོག་ལུ་ཡོད་མི་ལས་ ག་འདི་བདེན་པ་ཨིན་ན་ཟེར་བ་ཅིན་,བོ་རོན་,ལྕགས་,ཀ་ལོརིན་,ཀ་ལོརིན་,c
ssc-biology-10-92,ཀླུ་ཚིགས་ཀྱི་གནས་སྟངས་དེ་ ག་དེ་སྦེ་ འགྱོ་དོ་ཡོདཔ་ཨིན་ན?,i དང་ ii,i དང་ iii,ii དང་ iii,ii དང་ iii,b
ssc-biology-10-93,Actin དང་ myosin ཟེར་མི་ སྲོག་ཆགས་ཚུའི་རྒྱུ་ཆ་ཚུ་ ག་ལུ་ཡོདཔ་ཨིན་ན?,1000,1200,1500,1500,c
ssc-biology-10-94,ཨ་ལོ་ཆགས་སའི་སྒོ་ཏོ་འདི་ནང་ལུ་ ཁམས་ཕྲན་ག་དེ་ཅིག་ཡོདཔ་ཨིན་ན?,i དང་ ii,i དང་ iii,ii དང་ iii,ii དང་ iii,a
ssc-biology-10-95,སྲོག་ཆགས་ཀྱི་དབུགས་ལེན་དང་ བཞེས་སྒོ་འབད་ཐངས་ དེ་ལས་གཞན་ཚུ་གི་སྐོར་ལས་ ཤེས་ཡོན་ག་ཅི་ཡོདཔ་ཨིན་ན?,Tricospeed Valve འདི་ སྦ་སྒོར་གསུམ་འབད་མི་སྦ་སྒོར་ཨིན།,མཆིན་པའི་སྒལ་པ་,མཆིན་པ་གི་ཁྲག་དེ་ མཆིན་པ་གི་ཁྲག་ཨིན།,མཆིན་པ་གི་ཁྲག་དེ་ མཆིན་པ་གི་ཁྲག་ཨིན།,d
ssc-biology-10-96,ཌའི་ལོག་འདི་ ག་ཅི་གི་ཆ་ཤས་ཅིག་ཨིན་ན?,3,4,5,5,d
ssc-biology-10-97,རང་བཞིན་གྱི་དབུགས་ལེན་པའི་སྐབས་ལུ་ ག་ཅི་རང་ཐོན་འོང་ག་,ཌའི་ལོག་གི་ནད་གཞི་འདི་ ཨ་ལོ་ལུ་ ཁོང་རའི་ཨ་པ་དང་ ཨའི་གཉིས་ཆ་ར་ལས་ཐོབ་སྟེ་ འོང་དོ་ཡོདཔ་ཨིན་མས།,ཨ་པ་གིས་ ཨ་པ་ལས་ རིགས་མཚན་ཐོབ་ནུག,ནད་རྟགས་ཚུ་ ག་ནི་ཡང་མེདཔ་ཨིན།,ནད་རྟགས་ཚུ་ ག་ནི་ཡང་མེདཔ་ཨིན།,a
ssc-biology-10-98,རྩ་བ་ A འདི་ནང་ལུ་ ཀླད་ཀོར་ལེ་ཤ་ཡོདཔ་དང་ ཀླད་ཀོར་ཉུང་སུ་ཅིག་ཡོདཔ་དང་ ཀླད་ཀོར་ཚུ་ཡང་ ཀླད་ཀོར་གྱི་ནང་འཁོད་ལུ་ ཁྱབ་སྟེ་ཡོདཔ་ཨིན། 'A'འདི་ ཊི་ཤུའི་ལཱ་འབད་ཐངས་ལུ་བརྟེན་ཨིན།,i དང་ ii,i དང་ iii,ii དང་ iii,ii དང་ iii,c
ssc-biology-10-99,i. ཁྲག་བཀྲམ་སྤེལ་འཕྲུལ་ཆས་ཀྱི་ བཟོ་སྐྲུན་ནང་ བཅའ་མར་གཏོགས་ནུག,ནིའུ་ཀིའུསི་,སྦྲེལ་ཡོད་པའི་སྒྲོམ་,སར་ཀོ་ལེམ་,སར་ཀོ་ལེམ་,d
ssc-biology-10-100,༢། གཟུགས་ལུ་ བཟོ་བཀོད་དང་སྒྲིང་སྒྲི་བཟོ་ནི་,སེན་ཊོ་ཟོམ་,རའི་བོ་ཟོ་མ,རུས་ཚིགས་ཀྱི་རུས་ཚིགས་,རུས་ཚིགས་ཀྱི་རུས་ཚིགས་,c
ssc-biology-10-101,གསུམ་པ་ གཟུགས་ཀྱི་ནང་འཁོད་ལུ་ ཅ་ཆས་ཚུ་སྐྱེལ་འདྲེན་འབདཝ་ཨིན།,4,3,2,2,b
ssc-biology-10-102,འོག་ལུ་ཡོད་མི་ལས་ ག་འདི་བདེན་པ་ཨིན་ན་ཟེར་བ་ཅིན་,གཟུགས་ཁམས་རིག་པ་,གསོ་བའི་རིག་པ་,སྨན་ཁང་ཚུ་,སྨན་ཁང་ཚུ་,a
ssc-biology-10-103,སྔོ་ཚལ་གྱི་ཐོན་སྐྱེད་བརྒྱ་ཆ་ག་དེ་ཅིག་ རུལ་འགྱོ་དོ་ཡོདཔ་ཨིན་ན?,དབུགས་གཏོང་ལེན་,འབྲི་ལྷག་གི་རིག་པ་,གཙང་སྦྲ་འཕྲོད་བསྟེན་,གཙང་སྦྲ་འཕྲོད་བསྟེན་,d
ssc-biology-10-104,མི་གི་གཟུགས་ནང་ ནེཕ་རོནསི་ག་དེ་ཅིག་ཡོདཔ་ཨིན་ན?,ཨམ་ནོ་ཨསིཌ་,ཨེ་ཊི་ཨེལ་ ཨཱལ་ཀོ་ཧཱལ་,ཆུ་,ཆུ་,b
ssc-biology-10-105,ལྕང་ལཱ་རྐྱབ་མི་མེ་ཏོག་འདི་ ག་བཟུམ་ཅིག་ཡོདཔ་ཨིན་ན?,i དང་ ii,i དང་ iii,ii དང་ iii,ii དང་ iii,c
ssc-biology-10-106,DNA་གི་རྡུལ་ཕྲན་འདི་ དུས་ཡུན་ག་དེམ་ཅིག་འགོར་ཡོདཔ་ཨིན་ན?,১৫-২০%,৬০-৭০%,৮০-৮৫%,৮০-৮৫%,d
ssc-biology-10-108,,ཤིམ་ཱུལ་,ཀམ་པུས་,ཨ་ཁའི་,ཨ་ཁའི་,a
ssc-biology-10-109,རྒྱུད་བསྐུལ་གྱི་རིམ་པ་མཇུག་གི་དོན་ལས་ བརྡ་དོན་འདི་ ངེས་བདེན་ཨིན།,༣.༤\AA,༣༤\AA,༦༨\AA,༦༨\AA,c
ssc-biology-10-110,i. Mitochondria འདི་ནང་ལུ་བྱུང་ནུག,2,8,20,20,a
ssc-biology-10-111,༢། ཆུ་འདི་ཐོན་ནུག,i དང་ ii,i དང་ iii,ii དང་ iii,ii དང་ iii,d
ssc-biology-10-112,གསུམ་པ་ ATPའདི་ རྡུལ་ཕྲན་ ༣༤ གིས་བཟོ་ཡོདཔ་ཨིན།,i དང་ ii,i དང་ iii,ii དང་ iii,ii དང་ iii,c
ssc-biology-10-113,འོག་ལུ་ཡོད་མི་ལས་ ག་འདི་བདེན་པ་ཨིན་ན་ཟེར་བ་ཅིན་,ཤིམ་ཱུལ་,ཀེ་བ་,ཨ་ཁའི་,ཨ་ཁའི་,a
ssc-biology-10-114,ཨ་ལོ་ཆགས་ནི་དེ་གི་ཐད་ལུ་,i དང་ ii,i དང་ iii,ii དང་ iii,ii དང་ iii,a
ssc-biology-10-115,i. ལཱ་ཁག་དང་ དུས་ཚོད་འགོར་བའི་ལཱ་ཚུ་ཨིན།,DNA,RNA འདི་,ཇེན་,ཇེན་,a
ssc-biology-10-116,༢། སྲོག་ཆགས་ཆུང་ཀུ་འདི་ རང་གི་ཨའི་དང་འདྲཝ་ཨིན།,ནིཊི་རོཇེན་གཞི་,ཧིས་ཊཱོན་དེ་ སྲོག་ཆགས་སྨན་རྫས་ཅིག་ཨིན།,phosphate alkalies འདི་ཡང་ མེ་རླུང་རྒྱ་རྫི་ཨིན།,phosphate alkalies འདི་ཡང་ མེ་རླུང་རྒྱ་རྫི་ཨིན།,a
ssc-biology-10-117,གསུམ་པ་ དབྱེ་བ་འདི་ ལེགས་ཤོམ་སྦེ་ར་མི་མཐོང་།,ཨ་རཱིས་ཏཱལ་,ཀར་ཏིསི་-བཱརནསི་,ཟེ་ནོ་ཕེན་,ཟེ་ནོ་ཕེན་,c
ssc-biology-10-118,འོག་ལུ་ཡོད་མི་ལས་ ག་འདི་བདེན་པ་ཨིན་ན་ཟེར་བ་ཅིན་,བཟའ་འཐུང་གི་ལཱ་ཚུ་,གློག་ཤུགས་ཐོན་སྐྱེད་,འབུབ་ཟ་ནི་,འབུབ་ཟ་ནི་,c
ssc-biology-10-119,"སློབ་དཔོན་གྱིས་ སློབ་གྲྭ་ནང་ལུ་ སྲོ་ཕུད་ཀྱི་སྐོར་ལས་ ཆོས་བཤད་འབད་ཡི། ཁོ་གིས་ ཀད་མ་མེ་ཏོག་བཏོན་ཏེ་ དེ་སྦེ་སླབ་ནུག་ འདི་ནང་ སྲོག་ཆགས་ཆགས་ཀྱི་སྤོས་ཀྱི་རིགས་ཅིག་འདུག

ད་ འ་ནཱི་མེ་ཏོག་འདི་ལས་བརྒལ་ཏེ་ གཞན་དོག་མ་འདི་ག་ལུ་བཏངམ་ཨིན་ན་?",2,3,4,4,a
ssc-biology-10-121,i. RNA འདི་,i དང་ ii,i དང་ iii,ii དང་ iii,ii དང་ iii,c
ssc-biology-10-122,༢། DNA,ཀེ་རོ་ཊིན་,ཁུ་རུ་ཐང་,ལེའུ་ཀོ་བིསི་ཊི་,ལེའུ་ཀོ་བིསི་ཊི་,c
ssc-biology-10-123,གསུམ་པ་ ཧིས་ཊཱོན་དེ་ སྲོག་ཆགས་སྨན་རྫས་ཅིག་ཨིན།,i དང་ ii,i དང་ iii,ii དང་ iii,ii དང་ iii,b
ssc-biology-10-124,འོག་ལུ་ཡོད་མི་ལས་ ག་འདི་བདེན་པ་ཨིན་ན་ཟེར་བ་ཅིན་,ཨེམཔི་,ADP,AD_{2}P འདི་,AD_{2}P འདི་,b
ssc-biology-10-125,"རྩ་བ་འདི་ ས་འོག་ལས་ཨིན། སའི་མཐའ་མ་ལས་ཐོན་པའི་སྐབས་ སའི་མདོག་འདི་ བསྒྱུར་བཅོས་འགྱོ་དོ་ཡོདཔ་ཨིན་མས།

stimulus གི་རྩ་བ་ལུ་ ག་གི་དབང་ཤུགས་ཡོདཔ་ཨིན་ན?",སྣུམ་འཁོར་རྒྱུན་མི་,ཕོ་མོའི་ chromosomeའདི་,ནིའུ་ཀིའུསི་,ནིའུ་ཀིའུསི་,b
ssc-biology-10-127,i. རླུང་མ་ཤུགས་སྦེ་འཕུར་འགྱོ་བ་ཅིན་ རླུང་མ་ཤུགས་སྦེ་འཕུར་འགྱོ་མི་གིས་ རླུང་མ་ཤུགས་སྦེ་འཕུར་འགྱོ་འོང་།,དམར་ཁུ་སེརཔོ་,དམར་ཁོསས པདྨ་སེར,དཀར་ཆག་སེརཔོ་,དཀར་ཆག་སེརཔོ་,a
ssc-biology-10-128,༢། ལེག་ཊིཀ་ཨེ་སིཌ་འདི་ཐོན་སྐྱེད་འབདཝ་ཨིན།,ལེག་ཊིག་ཨེ་སིཌ་,གེལའུ་ཀོཟ་,ཨེཀ་སི་ཊི་ཨེས་ཏིག་ཨེ་སིཌ་,ཨེཀ་སི་ཊི་ཨེས་ཏིག་ཨེ་སིཌ་,a
ssc-biology-10-129,གསུམ་པ་ གློག་ཤུགས་འབོར་ཆེ་ཏོག་ཏོ་སྦེ་ ཐོན་སྐྱེད་འབད་དོ་ཡོདཔ་ཨིན།,i དང་ ii,i དང་ iii,ii དང་ iii,ii དང་ iii,a
ssc-biology-10-130,འོག་ལུ་ཡོད་མི་ལས་ ག་འདི་བདེན་པ་ཨིན་ན་ཟེར་བ་ཅིན་,8,18,28,28,c
ssc-biology-10-131,ཨ་ལོ་ཆགས་ཏེ་ བདུན་ཕྲག་ག་དེ་ཅིག་ལངམ་ཨིན་ན?,དཀར་ཆག་,དཀར་ཆག་,དམར་ཁུ་,དམར་ཁུ་,b
ssc-biology-10-132,འོད་ལྡན་འགྱུར་བཅོས་འདི་ འོད་མདངས་ཀྱི་ཁྱབ་ཚད་ག་ཏེ་ལུ་ གནོད་སྐྱོན་རྐྱབ་ཡོདཔ་ཨིན་ན?,i དང་ ii,i དང་ iii,ii དང་ iii,ii དང་ iii,a
ssc-biology-10-134,,i དང་ ii,i དང་ iii,ii དང་ iii,ii དང་ iii,b
ssc-biology-10-135,བསྐུལ་པ་གི་སྲོག་འདི་ ...,7.3,21.6,80.6,80.6,d
ssc-biology-10-136,i. སྲོག་ཆགས་ཤི་མི་ཚུ་ལས་ སྐྱེས་ནུག,མཆིན་པའི་མཐའ་མ་གི་ཆུ་,ལྕངམ་གི་ཆུ་,ཚ་དྲོད་མར་ཕབ་རྐྱབ་ནི་,ཚ་དྲོད་མར་ཕབ་རྐྱབ་ནི་,d
ssc-biology-10-137,༢། སེམས་ཅན་རིགས་མ་འདྲཝ་ཚུ་ གཅིག་ཁར་བསྡོམས་ཏེ་ བཟའ་ཚང་བཟོ་ནུག,ཨོམ་,ཀོ་པིརསི་གི་བུམ་པ་,ཨེ་མ་གི་ཆུ་,ཨེ་མ་གི་ཆུ་,c
ssc-biology-10-138,གསུམ་པ་ ཀའི་ཊིན་འདི་ ཀའི་ཊིན་བཟོ་མི་ ཁམས་ཀྱི་རྩིག་པ་གིས་བཟོ་ཡོདཔ་ཨིན།,100,125,175,175,d
ssc-biology-10-139,འོག་ལུ་ཡོད་མི་ལས་ ག་འདི་བདེན་པ་ཨིན་ན་ཟེར་བ་ཅིན་,ཨ་མ་ས་ཡཱ།,མཆིན་པའི་རྨ་,དྲོད་འབར་,དྲོད་འབར་,b
ssc-biology-10-141,ཁྲག་འཐུང་ནད་ཀྱི་ནད་གཞི་འདི་ ག་བཟུམ་ཅིག་ཡོདཔ་ཨིན་ན?,ཁྲག་ལུ་ཁྲག་ཕོག་པ་ཅིན་ ཁྲག་གི་སྲོག་ཆགས་ཚུ་ཡར་འཕར་འགྱོ་དོ་ཡོདཔ་ཨིན།,ཁྲག་དཀར་གྱི་ཚིགས་ཕྲན་འདི་ མར་བབས་འགྱོ་དོ་ཡོདཔ་ཨིན།,དེ་ལས་ མོ་ར་ལུ་ ཀེན་སར་ཐོབ་སྟེ་ རུས་ཚིགས་ཀྱི་ནདཔ་སྦེ་ཡར་སོང་ནུག།,དེ་ལས་ མོ་ར་ལུ་ ཀེན་སར་ཐོབ་སྟེ་ རུས་ཚིགས་ཀྱི་ནདཔ་སྦེ་ཡར་སོང་ནུག།,c
ssc-biology-10-142,ག་འདི་གིས་ ཌའི་ལོག་འདི་བཟོཝ་ཨིན་ན?,གཱལོམེ་རུ་ལཱསི་,ཧའི་ལཱསི་,ཀླད་ཀོར་གྱི་ཁུག་པ་ (renal capsule),ཀླད་ཀོར་གྱི་ཁུག་པ་ (renal capsule),a
ssc-biology-10-143,གློ་བུར་གྱི་ཨེན་བི་ཨའི་དེ་ ག་ཅི་ལུ་བརྟེན་ འབྱུང་ཚུགས་ནི་ཨིན་ན?,ནད་གཞི་དེ་གི་ ནད་གཞི་དེ་ དྲག་ཤོས་ཅིག་ཨིན་མས།,ནེ་ཕ་རི་ཊིས་,ཚ་གྱང་ལང་མི་ཚད།,ཚ་གྱང་ལང་མི་ཚད།,c
ssc-biology-10-144,ག་དེ་ཅིག་གིས་ གཟུགས་ཀྱི་སྐད་འདི་ བསྒྱུར་བཅོས་འབདཝ་ཨིན་ན?,ཨན་ཌོ་རེནསི་,ཨེསི་ཊོརཇེན་,ཐའི་རོསི་ཁཱེན་,ཐའི་རོསི་ཁཱེན་,a
ssc-biology-10-145,ཨ་ལོ་ཆགས་ཏེ་ བདུན་ཕྲག་ག་དེ་ཅིག་ལངམ་ལས་ ཨ་ལོ་ཆགས་མི་གི་མིང་ ཕི་ཊི་ཟེར་བཏགས་ནི་ཨིན་ན?,4,5,8,8,c
ssc-biology-10-146,གྱིབ་མ་གི་བུམོ་ ཧེ་ལེ་ན་འདི་ ཨ་རྟག་གི་བུམོ་ར་ཀི་བ་དང་གཅིག་ཁར་ གཉེན་རྐྱབ་ནུག,0%,25%,50%,50%,a
ssc-biology-10-147,,0%,25%,50%,50%,d
ssc-biology-10-148,"ཁོང་རའི་བུམོ་ཚུ་གིས་ ཚོས་གཞི་མཐོང་མ་ཚུགས་པའི་ ནད་གཞི་ཐོབ་ནི་གི་ ཉེན་ཁ་ག་དེམ་ཅིག་ཡོདཔ་ཨིན་ན?""",ཨེ་ཌི་ནིན་,གུ་ཝིན་ནིང་,ཐའི་མཱིན་,ཐའི་མཱིན་,d
ssc-biology-10-149,གྱིབ་མ་གི་བུམོ་ ཧེ་ལེ་ན་འདི་ ཨ་རྟག་གི་བུམོ་ར་ཀི་བ་དང་གཅིག་ཁར་ གཉེན་རྐྱབ་ནུག,སི་བཱོ་ཀོཤ་,གྲུ་གཟིངས་,ཏ་ར་ཀི་ཌ་,ཏ་ར་ཀི་ཌ་,b
ssc-biology-10-150,,stratified ཕྲ་རིང་གི་རུས་ཚིགས་,pseudo-stratified covering tissue ཕྲ་རིང་གི་རྒྱུ་ཆ་ཚུ་,ཁོག་པའི་གཟུགས་ཁོག་པའི་གཟུགས་,ཁོག་པའི་གཟུགས་ཁོག་པའི་གཟུགས་,c
ssc-biology-10-151,"ཁོང་རའི་བུམོ་ཚུ་གིས་ ཚོས་གཞི་མཐོང་མ་ཚུགས་པའི་ ནད་གཞི་ཐོབ་ནི་གི་ ཉེན་ཁ་ག་དེམ་ཅིག་ཡོདཔ་ཨིན་ན?""",CO_{2}གི་གནས་ཚད་འདི་ གནམ་མེད་ས་མེད་ཡར་འཕར་འགྱོ་བ་ཅིན་,O_{2}་གི་གནས་ཚད་འདི་ མར་བབས་སོང་པ་ཅིན་,ཀི་ལོརོ་བིསི་ཊིཀ་གི་རིགས་ མང་དྲགས་ཡོད་པ་ཅིན་,ཀི་ལོརོ་བིསི་ཊིཀ་གི་རིགས་ མང་དྲགས་ཡོད་པ་ཅིན་,a
ssc-biology-10-152,གཞི་ག་ཅི་འདི་ RNA ནང་ལུ་རྐྱངམ་གཅིག་ཐོབ་ཚུགས་ནི་ཨིན་ན?,38,54,72,72,d
ssc-biology-10-153,ག་གི་མཐའ་འཁོར་གྱི་རྩིག་པ་ལུ་ ཆུ་གཡུར་ཡོདཔ་ཨིན་ན?,མ་ག་སི་ཡཱེམ་,ལི་གི་,ཧ་ཌིརཇེན་,ཧ་ཌིརཇེན་,b
ssc-biology-10-154,ག་འདི་ཆུ་འཁྱུ་མི་བཟུམ་སྦེ་ ལཱ་འབདཝ་ཨིན་ན?,རིགས་བརྒྱུད་རིག་པ་,གོང་འཕེལ་གྱི་རིག་པ་,རྒྱ་མཚོ་གི་སྐྱེ་ལྡན་རིག་པ་,རྒྱ་མཚོ་གི་སྐྱེ་ལྡན་རིག་པ་,c
ssc-biology-10-155,ག་དེ་ཅིག་གིས་ ATP བཟོ་ཚུགས་ག? ག་དེ་ཅིག་གིས་ ATP བཟོ་ཚུགས་ག?,12°C ལས་ 20°C གི་བར་ན་,༡༥°C ལས་ ༣༥°C,18°C ལས་ 35°C གི་བར་ན་,18°C ལས་ 35°C གི་བར་ན་,d
ssc-biology-10-156,ཟས་བཅུད་ཉུང་སུ་ཅིག་ལས་བརྒལ་མེད་མི་འདི་ ག་འདི་ཨིན་ན?,12,14,16,16,c
ssc-biology-10-157,ལག་ལེན་འཐབ་མི་ཚུའི་རིག་པ་འདི་ ག་ཅི་ནང་ལུ་ཚུདཔ་ཨིན་ན?,"N, K འདི་ཚུ་","P, Ca","N,B འདི་ཚུ་","N,B འདི་ཚུ་",a
ssc-biology-10-158,དབུགས་ལེན་ནིའི་དོན་ལུ་ དྲོད་ཚད་ག་དེ་དྲག་ནི་ཨིན་ན?,i དང་ ii,i དང་ iii,ii དང་ iii,ii དང་ iii,a
ssc-biology-10-159,ནིཊི་ཇཱོན་འདི་ ཨེམ་སི་ནང་ལུ་ བརྒྱ་ཆ་ག་དེ་ཅིག་ཡོདཔ་ཨིན་ན?,ལིམ་ཕོ་སིཊ་,ནིཊི་རོ་ཕི་ལ,ཌའི་ལོག་,ཌའི་ལོག་,d
ssc-biology-10-160,"Rahim Meir གི་ཏམ་ཁུ་ཞིང་འདི་ནང་ལུ་ ལྕངམ་ཚུ་དྭངས་སེརཔོ་ལུ་འགྱུར་ཏེ་འདུག

Rahim Meir གི་ཏམ་ཁུའི་ཞིང་འདི་ནང་ལུ་ ས་གཏེར་གྱི་དཀའ་ངལ་ཡོདཔ་འོང་ག་?",ཚྭ་འདི་ རང་བཞིན་གྱི་ཚྭ་མེན་པའི་ ཚྭ་ཅིག་ཨིན་མས།,ཆུ་,སྣུམ་འཁོར་ནང་ ནད་ཡམས་ཀོ་བིཌ་-༡༩ ཐོན་དོ་ཡོདཔ་ཨིན་པའི་གནས་ཚུལ།,སྣུམ་འཁོར་ནང་ ནད་ཡམས་ཀོ་བིཌ་-༡༩ ཐོན་དོ་ཡོདཔ་ཨིན་པའི་གནས་ཚུལ།,a
ssc-biology-10-162,,ཁྲག་ནང་ ལི་པིཌ་གི་གནས་ཚད་ཡར་སེང་འགྱོ་འོང་།,ཀྲི་རེ་ཊི་ནིན་གི་གནས་ཚད་ཡར་འཕར་འགྱོ་འོང་།,ཁྲག་ནང་སྲིན་གྱི་སྲིན་གྱི་སྲིན་གྱི་སྲིན་གྱི་སྲིན་གྱི་སྲིན་གྱི་སྲིན་གྱི་སྲིན་གྱི་སྲིན་གྱི་སྲིན་གྱི་སྲིན་གྱི་སྲིན་གྱི་སྲིན་གྱི་སྲིན་གྱི་སྲིན་,ཁྲག་ནང་སྲིན་གྱི་སྲིན་གྱི་སྲིན་གྱི་སྲིན་གྱི་སྲིན་གྱི་སྲིན་གྱི་སྲིན་གྱི་སྲིན་གྱི་སྲིན་གྱི་སྲིན་གྱི་སྲིན་གྱི་སྲིན་གྱི་སྲིན་གྱི་སྲིན་གྱི་སྲིན་,b
ssc-biology-10-163,མནོ་རི་གི་གཟུགས་ལུ་ ག་ཅི་འབྱུང་ནི་ཨིན་ན?,ཁྲག་བཙགས་ནི་,ཁྲག་དེ་ གླངམོ་ཆེ་ལུ་བྱིན་དོ་ཡོདཔ་ཨིན།,ཁོག་པའི་ནང་ལུ་ཨུ་རུ་སུ་གཏང་ནི་,ཁོག་པའི་ནང་ལུ་ཨུ་རུ་སུ་གཏང་ནི་,a
ssc-biology-10-164,Glomerules གི་ལཱ་འདི་ག་ཅི་ཨིན་ན?,৪-৮,৬-৮,৮-১২,৮-১২,c
ssc-biology-10-165,Hibiscus rosa-sinensis འདི་དེང་སང་གི་ ཚན་རིག་གི་མིང་འདི་ག་ཅི་ཨིན་ན།,ལྡུམ་ར་,ཚ་གྱང་ལང་དགོཔ་,ལན་གསལ་ཚུ་,ལན་གསལ་ཚུ་,c
ssc-biology-10-167,,ལན་གསལ་ཚུ་,ཤིམ་ཱུལ་,སྣུམ་འཁོར་,སྣུམ་འཁོར་,b
ssc-biology-10-168,Rifat གི་ནད་གཞི་འདི་ ག་ལས་ཐོབ་ཡོདཔ་སྨོ་ཟེར་,ཉ་རྒོད་,སྦལཔ་,བྱ་ཚུ་,བྱ་ཚུ་,b
ssc-biology-10-170,i. རྒྱལ་སྤྱིའི་,5,10,15,15,b
ssc-biology-10-171,༢། རྒྱལ་སྤྱིའི་ནང་,གཟུགས་ཁམས་འཕྲོད་བསྟེན་,མཆིན་པ་ན་ནི་,མལ་ཤི་ཡ་,མལ་ཤི་ཡ་,a
ssc-biology-10-172,གསུམ་པ་ མཐའ་འཁོར་གནས་སྟངས་དང་,དེ་ལས་ ཨེསི་ཊར་གི་བལ་ཚུ་བཟོ་ནུག,སྲོག་ཆགས་ཀྱི་རྒྱུ་རྫས་ཚུ་ བསྡུ་བསྒྱོམ་འབད་དོ་ཡོདཔ་ཨིན།,ནད་འབུབ་དེ་ཚུ་ རྩ་མེད་གཏང་ནི་,ནད་འབུབ་དེ་ཚུ་ རྩ་མེད་གཏང་ནི་,a
ssc-biology-10-173,འོག་ལུ་ཡོད་མི་ལས་ ག་འདི་བདེན་པ་ཨིན་ན་ཟེར་བ་ཅིན་,དངོས་པོ་རྫུས་མ་ཚུ་,མི་ཊོ་ཀོནཌི་ཡ་ནང་ལུ་,ནིའུ་ཀཱལ་སི་ནང་ལུ་,ནིའུ་ཀཱལ་སི་ནང་ལུ་,d
ssc-biology-10-174,,12.6,14.6,16.6,16.6,b
ssc-biology-10-175,ལའུ་གི་ཤིང་གི་རྩ་བ་ལུ་ ཤུགས་བྱིན་མི་རྒྱུ་མཚན་འདི་ག་ཅི་ཡོདཔ་ཨིན་ན?,ཤིམ་ཱུལ་,ལན་གསལ་ཚུ་,ཀོ་པི་,ཀོ་པི་,d
ssc-biology-10-176,ང་བཅས་ཀྱི་པགས་པ་འདི་ ག་ཅི་བཟུམ་ཅིག་ཡོདཔ་ཨིན་ནའི་དཔེ་ཅིག་ཨིན་ན།,ཨན་ཌོ་རེནསི་,ཊེསི་ཏོ་སི་ཊོརོན,ཨེསི་ཊོརཇེན་,ཨེསི་ཊོརཇེན་,c
ssc-biology-10-177,ཆུམ་མཐུད་སྦྲེལ་གྱི་རིགས་ག་དེ་ཅིག་ཡོདཔ་ཨིན་ན?,৩৬ - ৩৮,৩৮ - ৪০,৪০ - ৪২,৪০ - ৪২,b
ssc-biology-10-178,ལྕང་ཤིང་གི་འདབ་མ་གསརཔ་གི་ཐད་ལུ་ ག་འདི་བདེན་པ་ཨིན་ན?,ཤི་ནི་མེདཔ་ལུ་,ཨ་ལོ་ཆགས་སའི་ས་ཁོངས་ནང་,ཨོམ་ནང་ལུ་,ཨོམ་ནང་ལུ་,b
ssc-biology-10-179,འོད་འཕྲོས་འཕྲོས་མེད་པའི་གནས་སྟངས་ནང་ འོག་གི་རྒྱུ་རྫས་ག་འདི་ ཀ་བཱོ་ཧའི་ཌརེཊ་ལུ་འགྱུར་ཡོདཔ་ཨིན་ན?,2,4,6,6,c
ssc-biology-10-181,,adenin དང་ cytosine ཚུ་ཡོད།,ཨེཌི་ནིན་དང་ གུ་ཝིན་ནིན་,Cytosine དང་ guanine ཚུ་,Cytosine དང་ guanine ཚུ་,b
ssc-biology-10-182,ལྡོག་ཕྱོགས་འགོ་ཁྲིདཔ་གིས་,ཨ་པ་གིས་,ཨ་རྒས་,ཨའི་གི་,ཨའི་གི་,d
ssc-biology-10-183,i. བཟའ་འཐུང་ཚུ་ གྲ་སྒྲིག་འབད་དོ་ཡོདཔ་ཨིན།,i,ii,i དང་ ii,i དང་ ii,d
ssc-biology-10-184,༢། ལྕང་ལཱ་རྐྱབ་ནི་གི་ལཱ་ཚུ་ཡང་ འབདཝ་ཨིན་མས།,i,ii,i དང་ ii,i དང་ ii,a
ssc-biology-10-185,གསུམ་པ་ འོད་ཟེར་གི་ཤུགས་འདི་ བསྡུ་ལེན་འབདཝ་ཨིན།,རྡོ་རོ་ཅིག་ཨིན་པའི་རྫས་,Nuclear membrane འདི་ ནིའུ་ཀཱལ་ཡཱར་ མེབརེན་ཨིན།,ཆུང་སུ་སྦེ་བཟོ་མི་,ཆུང་སུ་སྦེ་བཟོ་མི་,d
ssc-biology-10-186,འོག་ལུ་ཡོད་མི་ལས་ ག་འདི་བདེན་པ་ཨིན་ན་ཟེར་བ་ཅིན་,པ་ར་ནའི་ཀ་མཱ།,ཀོ་ལེ་ནཀེ་མཱལ་,རླུང་སྣུམ་,རླུང་སྣུམ་,b
ssc-biology-10-188,,2,3,4,4,a
ssc-biology-10-189,ཁོང་གི་ཨ་ལོ་༤ གི་གྲས་ལས་ ...,གློག་ཤུགས་ཀྱི་རིགས་ཚུ་ མང་སུ་ཅིག་རང་ བརླག་འགྱོ་དོ་ཡོདཔ་ཨིན་མས།,དབུགས་ཤུགས་འདི་ ཡར་འཕར་འགྱོ་དོ་ཡོདཔ་ཨིན།,ཆུ་གི་ཆ་ཤས་ཉུང་སུ་ཡོདཔ་ཨིན།,ཆུ་གི་ཆ་ཤས་ཉུང་སུ་ཡོདཔ་ཨིན།,b
ssc-biology-10-190,i. ཌེང་གི་གི་ནད་གཞི་ Thalassemia ཡོད་མི་ཅིག་ཨིན་མས།,O_{2} འདི་ལུ་,H_{2}O འདི་ལུ་,ནཱཌི་ཨེཕ་ཨེཕ་,ནཱཌི་ཨེཕ་ཨེཕ་,d
ssc-biology-10-191,༢། འཕྲུལ་གླང་གཉིས་ལུ་ ནད་གཞི་ཐོབ་སྟེ་ཡོད་རུང་ དྲག་སྟེ་འདུག,i,ii,i དང་ ii,i དང་ ii,a
ssc-biology-10-192,གསུམ་པ་ ནདཔ་འདི་ ནདཔ་དྲག་ཤོས་ཅིག་ཨིན་མས།,2,3,4,4,c
ssc-biology-10-193,"འ་ནི་གྲལ་ལས་ ག་འདི་བདེན་པ་ཨིན་ན?""",རླུང་མ་འདི་ མཆིན་པའི་ནང་ལུ་ཡང་ཐོབ་དོ་ཡོདཔ་ཨིན།,གླངམོ་ཆེ་ནང་ལུ་ བོ་མཱན་སིཊ་གི་སྨན་འདི་ཡོདཔ་ཨིན།,ནང་ན་གི་གྱང་,ནང་ན་གི་གྱང་,b
ssc-biology-10-194,"ཤི་མུ་ལ་དང་ཤི་ལཱལ་འདི་ རྨགཔ་དང་ཨམ་སྲུ་ཨིན། ཁོང་གཉིས་ཆ་ར་ལུ་ ནད་གཞི་མེད་རུང་ Thalassemia གྱི་ནད་གཞི་ཡོད་མི་ཚུ་ཨིན།

རྒྱུད་བསྐུལ་འབད་མི་བཟའ་ཚང་གི་ ཨ་ལོ་ཚུ་ལུ་ ནད་གཞི་ག་དེ་ཅིག་ འབྱུང་ནི་གི་ཉེན་ཁ་ཡོདཔ་ཨིན་ན?
X \xrightarrow{enzyme} C_{3}H_{4}O_{3} + ATP"" འདི་ཡང་ ""X \xrightarrow{enzyme} C_{3}H_{4}O_{3} + ATP"" འདི་ཡང་ ""X \xrightarrow{enzyme} C_{3}""",ཨེ་ནེཟེམ་,ཁམས་ཀྱི་བར་ནའི་ཆུ་,ནད་འབུབ་དང་ ནད་འབུབ་གཞན་ཚུ་,ནད་འབུབ་དང་ ནད་འབུབ་གཞན་ཚུ་,c
ssc-biology-10-195,,ཀོ་ལེ་ནཀེ་མཱལ་,ཨེ་རེན་ཀེ་མཱལ་,སཱལ་རེན་ཀེ་མཱན་,སཱལ་རེན་ཀེ་མཱན་,b
ssc-biology-10-196,འ་ནི་གློག་རྫས་འདི་ནང་ལུ་ ཨེཊི་པི་ཇི་ཇི་ཇི་ག་དེམ་ཅིག་ཐོན་འོང་ག་,མཐུད་སྦྲེལ་,ལྡེ་མིག་ཚུ།,བཟོ་མ་ཚུགས།,བཟོ་མ་ཚུགས།,c
ssc-biology-10-197,Protist \rightarrow plant \rightarrow seaweed \rightarrow terrestrial plant འདི་ཡང,ནིའུ་ཀཱལ་འུསི་,རའི་བོ་ཟོ་མ,ལིས་སོ་མཱ།,ལིས་སོ་མཱ།,d
ssc-biology-10-198,,ཕི་ཊཱསི་,མོ་རོ་ལཱལ་,བཱལ་སི་ཊོ་སི་བཱསི་,བཱལ་སི་ཊོ་སི་བཱསི་,c
ssc-biology-10-199,སྐྱེ་ལྡན་སྲོག་ཆགས་ཀྱི་གྱངས་ཁ་འདི་ ཡར་སེང་འགྱོ་དོ་ཡོདཔ་ཨིན།,i དང་ ii,i དང་ iii,ii དང་ iii,ii དང་ iii,d
ssc-biology-10-200,i. ཨང་རྩིས་ཀྱི་ཐོག་ལས་,དེ་གཉིས་ཆ་ར་ལུ་ ལྕགས་ཀྱུ་གིས་བཀབ་སྟེ་འདུག,ཟུར་སྒྲོམ་གཉིས་སྦེ་བཀབ་སྟེ་འདུག,ནིཊི་རོཇེན་གཞི་རྟེན་ཚུ་ཡོདཔ་ཨིན།,ནིཊི་རོཇེན་གཞི་རྟེན་ཚུ་ཡོདཔ་ཨིན།,b
ssc-biology-10-201,༢། ཇི་ཨོ་མེ་ཊིག་གི་ བརྒྱ་ཆ་,0.40%,0.30%,0.04%,0.04%,b
ssc-biology-10-202,གསུམ་པ་ ཚད་གཞི་གི་ཐོག་ལས་,ཁམས་ཕྲན་མཉམ་པ་,སྲོག་ཆགས་ཚིགས་ཚུ་,པ་ར་ནའི་ཀ་མཱ།,པ་ར་ནའི་ཀ་མཱ།,b
ssc-biology-10-203,འོག་ལུ་ཡོད་མི་ལས་ ག་འདི་བདེན་པ་ཨིན་ན་ཟེར་བ་ཅིན་,གེ་ཟ་,སེ་ལུ་,མགུ་ཏོ་ན་ནི་,མགུ་ཏོ་ན་ནི་,d
ssc-biology-10-204,ཁྲག་འདི་ནང་ རང་བཞིན་དང་ སྐྱེ་ལྡན་གྱི་རིགས་ག་དེ་ཅིག་ཡོདཔ་ཨིན་ན?,མེ་ཏོག་གི་མིང་། ཕོལེ་ཨེམ་ པ་རེན་ཀའི་མཱ།,མེ་ཏོག་ཕྲ་རིང་ཚུ་,ཁའི་ལེ་མའིསི་བིརསི་,ཁའི་ལེ་མའིསི་བིརསི་,a
ssc-biology-10-205,རིགས་བརྒྱུད་ཀྱི་ནད་གཞི་ག་འདི་ཨིན་ན?,དྲོད་ཚད་ཌིསི་ 23°C - དྲོད་ཚད་ཌིསི་ 45°C,དྲོད་ཚད་ཌིསི་༢༠ དང་ དྲོད་ཚད་ཌིསི་༤༥ ཨིན་པས།,དྲོད་ཚད་དེ་ དྲོད་ཚད་ཕིརསི་ ༡༨ ཨིན། - དྲོད་ཚད་ཕིརསི་ ༤༥,དྲོད་ཚད་དེ་ དྲོད་ཚད་ཕིརསི་ ༡༨ ཨིན། - དྲོད་ཚད་ཕིརསི་ ༤༥,b
ssc-biology-10-206,ཇི་ཨོལ་ཇི་གི་ལཱ་འདི་ག་ཅི་ཨིན་ན?,i དང་ ii,i དང་ iii,ii དང་ iii,ii དང་ iii,d
ssc-biology-10-207,འ་ནི་ལས་ག་འདི་ ལའི་ཟོ་མཱལ་དང་ འདྲ་མཉམ་ཡོདཔ་ཨིན་ན?,ནད་གཞི་དེ་གི་ ནད་གཞི་དེ་ དྲག་ཤོས་ཅིག་ཨིན་མས།,སེམས་ཀྱི་ནད་གཞི་,ཚོས་གཞི་མཐར་འཁྱོལ་མི་,ཚོས་གཞི་མཐར་འཁྱོལ་མི་,a
ssc-biology-10-208,དབུགས་ལེན་ནིའི་དོན་ལུ་ དྲོད་ཚད་ག་དེ་དྲག་ནི་ཨིན་ན?,24,18,12,12,a
ssc-biology-10-209,"C_{6}H_{12} འདི་ཡང་ ""C_{6}H_{12}"" འདི་ཡང་ ""C_{6}H_{12}"" ཨིན།",i དང་ ii,i དང་ iii,ii དང་ iii,ii དང་ iii,a
ssc-biology-10-210,ཁྲག་འདི་ནང་ རང་བཞིན་དང་ སྐྱེ་ལྡན་གྱི་རིགས་ག་དེ་ཅིག་ཡོདཔ་ཨིན་ན?,8-9%,10-12%,91-92%,91-92%,a
ssc-biology-10-211,རིགས་བརྒྱུད་ཀྱི་ནད་གཞི་ག་འདི་ཨིན་ན?,ཨེཌསི་,ཧེ་པེ་ཊའི་ཏིས་ནད་གཞི་,ཏ་ལ་སེམ་ཡཱན་,ཏ་ལ་སེམ་ཡཱན་,c
ssc-biology-10-212,ཇི་ཨོལ་ཇི་གི་ལཱ་འདི་ག་ཅི་ཨིན་ན?,ཀ་བེརེཊི་ཚུ་གསོག་འཇོག་འབད་ཡོདཔ།,ཧོར་མཱོན་མར་ཁུ་བཏང་ནི་,སྲོག་ཆགས་ཚིགས་སུ་བཅདཔ་གིས་ བཀྲམ་སྟོན་འབདཝ་ཨིན།,སྲོག་ཆགས་ཚིགས་སུ་བཅདཔ་གིས་ བཀྲམ་སྟོན་འབདཝ་ཨིན།,b
ssc-biology-10-213,འ་ནི་ལས་ག་འདི་ ལའི་ཟོ་མཱལ་དང་ འདྲ་མཉམ་ཡོདཔ་ཨིན་ན?,རུས་ཚིགས་ཀྱི་ཚིགས་ཕྲན་,ཁམས་ཕྲན་ཚིགས་ཚིགས་,སྐྱེ་བའི་སྲོག་ཆགས་ཚུ།,སྐྱེ་བའི་སྲོག་ཆགས་ཚུ།,a
ssc-biology-10-214,དབུགས་ལེན་ནིའི་དོན་ལུ་ དྲོད་ཚད་ག་དེ་དྲག་ནི་ཨིན་ན?,དྲོད་ཚད་ཌིསི་༢༠ དང་༣༠ ལུ་ལྷོད་ནུག,དྲོད་ཚད་ཌིསི་ 20°C - དྲོད་ཚད་ཌིསི་ 35°C,དྲོད་ཚད་ཌིསི་༢༠ དང་ དྲོད་ཚད་ཌིསི་༤༠ ཨིན་པས།,དྲོད་ཚད་ཌིསི་༢༠ དང་ དྲོད་ཚད་ཌིསི་༤༠ ཨིན་པས།,d
ssc-biology-10-216,ཨའི་གི་རུས་ཚིགས་འདི་ ག་དེ་ཅིག་ནང་མེདཔ་ཨིན་ན?,མཐུན་རྐྱེན་ཚུ་,གདོང་ཁེབས་,ཤ་ཚག་,ཤ་ཚག་,c
ssc-biology-10-217,འོག་གི་མེ་ཏོག་ག་ལུ་ རོ་ཁྱི་གི་སྤུ་ཚད་ལེ་ཤ་ཡོདཔ་ཨིན་ན?,ཤིམ་ཱུལ་,སྣུམ་འཁོར་ཚུ་,ལན་གསལ་ཚུ་,ལན་གསལ་ཚུ་,a
ssc-biology-10-218,རྡོ་གི་ཚིགས་ཕྲན་འདི་ ག་འདི་ནང་ལུ་ཡོདཔ་ཨིན་ན?,སྒྲ་དབྱངས་,སྒྱུ་རྩལ་,བུམ་ཐང་ལུ་,བུམ་ཐང་ལུ་,d
ssc-biology-10-219,མེ་ཏོག་འདི་ནང་ལུ་ ཁག་ཆེ་བའི་ཡན་ལག་ག་དེ་ཅིག་ཡོདཔ་ཨིན་ན?,2,3,4,4,a
ssc-biology-10-220,འོག་གི་ཤིང་རིགས་ག་ལུ་ floem parenchyma མེད་པ་ཨིན་ན?,ནིཊ་མ,པི་ནཱསི་,དྲག་ཤོས་,དྲག་ཤོས་,c
ssc-biology-10-221,འོག་གི་སྲོག་ཆགས་ག་ལུ་ སྦྲེལ་མཐུད་ཚིགས་ཚུ་མེདཔ་ཨིན་ན?,སྐད་རྐྱབ་ནི་,སྦལཔ་,བྱི་ཅུང་,བྱི་ཅུང་,a
ssc-biology-10-222,DNA གི་འཁོར་ཐེངས་རེ་ནང་ nucleotidesག་དེ་ཅིག་ཡོདཔ་ཨིན་ན?,4,6,8,8,d
ssc-biology-10-223,སྦལཔ་གི་སྲོག་ཆགས་ཀྱི་གཟུགས་ཁར་ ག་ཅི་ཡོདཔ་ཨིན་ན?,ལི་གཱནིན་,ཀའི་ཊིན་,པེ་ཀཊིན་,པེ་ཀཊིན་,b
ssc-biology-10-224,ཁམས་ཕྲན་འདི་ནང་ལུ་ ལཱ་ག་ཅི་རང་ཨིན་རུང་ འདི་ཚུ་ ག་དེ་སྦེ་འབད་དོ་ག་ དེ་ཚུ་ག་ཏེ་ལས་འོངམ་ཨིན་ན?,ནིའུ་ཀིའུསི་,མི་ཊོ་ཀོནཌི་ཡ་,ལྕགས་ཤོག་,ལྕགས་ཤོག་,a
ssc-biology-10-225,སའི་པེརེསི་མེན་མེད་མི་ སའི་པེརེསི་མེན་གྱི་ཡན་ལག་འདི་ག་དེ་ཅིག་ཨིན་ན?,དངོས་པོ་རྫུས་མ་ཚུ་,ལའི་སོམས,རའི་བོ་ཟོམ་,རའི་བོ་ཟོམ་,c
ssc-biology-10-226,འོག་གི་སྲོག་ཆགས་ག་ལུ་ ནང་ན་འཛུལ་ནི་ཡོདཔ་ཨིན་ན?,ཏ་ལ་པི་ཡ་,སྦལཔ་,ཨི་ལིཤི་,ཨི་ལིཤི་,d
ssc-biology-10-227,མོ་རོ་ལ་ཌཱཤ་འདི་ནང་ལུ་ ཁམས་ཕྲན་ག་དེ་ཅིག་ཡོདཔ་ཨིན་ན?,2,4,8,8,d
ssc-biology-10-228,ག་དེ་ཅིག་གིས་ རླུང་མ་འཕུ་ཚུགས་ནི་སྨོ་,གེ་ཟ་,དཀར་འབྲུ་,གོ་རིམ་ཚུ་,གོ་རིམ་ཚུ་,b
ssc-biology-10-229,བྱུང་འགྱུར་ཟེར་མི་འདི་ ག་གིས་འགོ་དང་པ་ར་ ལག་ལེན་འཐབ་ཡོདཔ་སྨོ་,ཨ་རཱིས་ཏཱལ་,ཧཱར་བཱཊ་ སེཔེན་སཱར་,ཟེ་ནོ་ཕེན་,ཟེ་ནོ་ཕེན་,b
ssc-biology-10-230,ཌི་ཨེན་ཨེས་འདི་ ཌི་ཨེན་ཨེས་གི་ཚབ་ལུ་ ཡུ་རཱ་སི་བཱིལ་འདི་ ག་ཅི་འབད་ཡོདཔ་ཨིན་ན?,ཨེ་ཌི་ནིན་,གུ་ཝིན་ནིན་,ཐའི་མཱིན་,ཐའི་མཱིན་,c
ssc-biology-10-231,ཀེ་རེབསི་འཁོར་ལོའི་ནང་ གུ་རུ་གོ་ཟའི་ རྡུལ་ཕྲན་གཉིས་ལས་ ཀོ་ཧ ⁇ ་དྲོ་ལར་ག་ནི་དེ་ཐོན་འོང་ག་ཟེར་,གཉིས་,བཞི་,དྲུག་,དྲུག་,d
ssc-biology-10-232,རང་བཞིན་གནས་སྟངས་འདི་ དབྱེ་བ་ཕྱེ་ནིའི་དོན་ལས་ ཤིང་འདི་ག་ཏེ་ལུ་ཡོདཔ་ཨིན་ན?,ཀོ་རེནཊི་,ཤར་ཕྱོགས་,ཕར་ནསི་,ཕར་ནསི་,b
ssc-biology-10-233,རླུང་མ་འཕུར་བའི་མེ་ཏོག་འདི་ག་ཏེ་ཡོདཔ་ཨིན་ན?,གེ་ཟ་,དཀར་འབྲུ་,ལན་གསལ་ཚུ་,ལན་གསལ་ཚུ་,b
ssc-biology-10-234,མི་གི་ཨ་ལོ་འདི་ནང་ལུ་ O_{2} བྱིན་མི་ཡན་ལག་འདི་གིས་ ཧོར་མཱོན་ག་འདི་བཙུགཔ་ཨིན་ན?,པྲོ་ཇེསི་ཊོ་རོན,ཨན་ཌོ་རེནསི་,ཨེསི་ཊོརཇེན་,ཨེསི་ཊོརཇེན་,a
ssc-biology-10-235,སེམས་ཅན་ག་ཅི་ལུ་ མཆིན་པ་ན་ནི་ཡོདཔ་ཨིན་ན?,ཨི་ལིཤི་,ཉ་རྒོད་,གསེར་གྱི་ཏི་རུ་,གསེར་གྱི་ཏི་རུ་,b
ssc-biology-10-236,འདི་ཡང་ མེ་ཏོག་ངོ་མ་ཅིག་ཨིན་མས།,ལན་གསལ་ཚུ་,ཨ་ཁའི་,གླངམོ་ཆེ་ཚུ་,གླངམོ་ཆེ་ཚུ་,c
ssc-biology-10-237,TMV གི་རིགས་རྒྱུད་ནང་ ག་འདི་ཡོདཔ་ཨིན་ན?,DNA,པི་རོཊི་ནེཊི་,RNA འདི་,RNA འདི་,c
ssc-biology-10-238,ཧེ་མཱག་ལོ་བིན་འབག་འགྱོ་མི་ སྣུམ་འཁོར་འདི་མེདཔ་ཐལ་འགྱོ་བ་ཅིན་ ག་དེ་སྦེ་ནད་གཞི་འཐོན་ནི་ཨིན་ན?,ཏ་ལ་སེམ་ཡཱན་,ནད་གཞི་ཀེན་སར་,བུ་གཞི་མེད་པའི་ནད་གཞི་,བུ་གཞི་མེད་པའི་ནད་གཞི་,a
ssc-biology-10-239,རིགས་བརྒྱུད་རིག་པ་གི་ཕ་བརྒྱུད་འདི་ ག་ཨིན་ན།,ལི་ནའུསི་,དར་ཝིན་,ཝཱཊ་སཱོན་,ཝཱཊ་སཱོན་,d
ssc-biology-10-240,རྒྱང་མཐོང་གི་ཐད་ཁར་ ཨའི་གི་ཨང་གྲངས་དེ་ ཨའི་གི་ཨང་གྲངས་དང་ ཨའི་གི་ཨང་གྲངས་དེ་ ཨའི་གི་ཨང་གྲངས་ཨིན།,ས་ཡ་གསུམ་,ས་ཡ་ ༣༠,ས་ཡ་གསུམ་,ས་ཡ་གསུམ་,c
ssc-biology-10-241,ལྕགས་ཀྱུ་འདི་ སྐུད་པ་བཟོ་ནི་གི་ལཱ་ཡང་འབདཝ་ཨིན།,དཔར་བསྐྲུན་འབད་མི་,ཀིའུ་བིཌལ་,ཀོ་ཝམ་སི་,ཀོ་ཝམ་སི་,c
ssc-biology-10-242,Rectumའདི་ སྦ་སྒོར་ག་ཏེ་ལུ་ཡོདཔ་ཨིན་ན?,ཟས་བཅུད་,རེས་ཆབ་སྲིད་,དབུགས་གཏོང་ལེན་,དབུགས་གཏོང་ལེན་,a
ssc-biology-10-243,གློག་ཤུགས་སྐྱེལ་འདྲེན་ལམ་ལུགས་འདི་ ག་དེ་ཅིག་ནང་ཡོདཔ་ཨིན་ན?,ནིའུ་ཀིའུ་ལི་ཡཱསི་,རའི་བོ་ཟོ་མ,ལིས་སོ་མཱ།,ལིས་སོ་མཱ།,d
ssc-biology-10-244,C_{4} འདི་ཚུ་རྩི་ཤིང་ག་འདི་ཨིན་ན?,བོཊི་,ཨེ་མ་,གེ་ཟ་,གེ་ཟ་,c
ssc-biology-10-245,ཀའི་ཊིན་གྱིས་ ཁམས་ཀྱི་རྩིག་པ་ག་ལུ་ བཟོ་ཡོདཔ་ཨིན་ན?,ནད་འབུབ་,མཆིན་ནད་འབུབ་,ཀ་བལ་,ཀ་བལ་,c
ssc-biology-10-246,སྲོག་ཆགས་ཀྱི་གཟུགས་ལུ་ ནད་འབུབ་ཡོད་མི་འདི་ ག་བཟུམ་ཅིག་ཡོདཔ་ཨིན་ན?,དབུགས་གཏོང་ལེན་,འཐོན་འགྱོ་ནི་,སྦ་སྒོར་བཙུགས་ནི་,སྦ་སྒོར་བཙུགས་ནི་,a
ssc-biology-10-247,དྲན་གསོའི་དོན་ལུ་ ཐབས་ཤེས་ག་ཅི་ཡོདཔ་ཨིན་ན?,མཐུད་སྦྲེལ་གྱི་གཟུགས་ཚིགས་,མཚིགས་ཏོ་གི་རུས་ཚིགས་,ལྕགས་ཤོག་གི་གཟུགས་ཚིགས་,ལྕགས་ཤོག་གི་གཟུགས་ཚིགས་,b
ssc-biology-10-248,ཀླུ་ཏོ་རེ་ནང་ ནེ་ཕརཱན་ག་དེ་ཅིག་ཡོདཔ་ཨིན་ན?,༡༢་༡༢,༡༠-༡༢༠༠,སྟོང་ཕྲག་༡༢ ལས་༡༢,སྟོང་ཕྲག་༡༢ ལས་༡༢,d
ssc-biology-10-249,"སེབུར་གྱི་ཁྲག་དེ་ མི་ག་གིས་ཡང་ འཐུང་མ་བཏུབ་པའི་ རིགས་ཚན་ཨིན།

སབུལ་ཇོ་བོ་གི་ཁྲག་གི་སྡེ་ཚན་འདི་ག་ཅི་སྨོ་ཟེར་
སེབུར་གྱི་ཁྲག་དེ་ མི་ག་གིས་ཡང་ འཐུང་མ་བཏུབ་པའི་ རིགས་ཚན་ཨིན།",ཨེབ,ཨེ,བི་,བི་,a
ssc-biology-10-250,,i དང་ ii,i དང་ iii,ii དང་ iii,ii དང་ iii,c
ssc-biology-10-251,ཁྲག་དེ་གི་ཁྱད་ཆོས་འདི་:,འབུབ་སྨན་བཟོ་ནི་,སྐྱེ་བའི་སྒོ་ཏོ་གི་བཟོ་སྐྲུན་,ཨམ་སྲུ་གི་སྐྱེ་མཆེད་ཀྱི་ཆ་ཤས་ཚུ་ བཟོ་སྐྲུན་འབད་ནི་,ཨམ་སྲུ་གི་སྐྱེ་མཆེད་ཀྱི་ཆ་ཤས་ཚུ་ བཟོ་སྐྲུན་འབད་ནི་,a
ssc-biology-10-252,i. ཁྲག་ནང་ལུ་ ས་སྨྱོ་རྫས་ཉུང་སུ་ཅིག་ལས་བརྒལ་མེདཔ་ཨིན།,མེ་ཏོག་,མཚམས་འཇོག་འབད་མ་ཚུགསཔ་,ངོ་མ་,ངོ་མ་,b
ssc-biology-10-253,༢། ཌེང་གི་ལུ་བཀག་ཐབས་འབད་ནི་གི་ནུས་པ་ཡོདཔ་ཨིན།,ཀྲོ་མོ་ཟོམ།,ལྡོག་ཕྱོགས་ཚོགས་པ་ལུ་ ནི ཨེ,ལེགས་བཅོས་འབདཝ་ཨིན། ནི ཨེ,ལེགས་བཅོས་འབདཝ་ཨིན། ནི ཨེ,d
ssc-biology-10-254,གསུམ་པ་ ཌེང་གི་ལུ་བཀག་མི་གཟུགས་མེད་པས།,རང་བཞིན་གནས་སྟངས་དང་འཐབ་འཛིང་།,རྒྱལ་སྤྱིའི་འཐབ་འཛིང་,རིགས་བརྒྱུད་ནང་འཁྲུག་རྩོད་,རིགས་བརྒྱུད་ནང་འཁྲུག་རྩོད་,b
ssc-biology-10-255,འོག་ལུ་ཡོད་མི་ལས་ ག་འདི་བདེན་པ་ཨིན་ན་ཟེར་བ་ཅིན་,ཀ་རོ་ལཱསི་ ལུ་ནི་ཨེས་,ལེགས་བཅོས་འབདཝ་ཨིན། ཧཱུྃ་ཧཱུྃ། ཝེ་ཊི་ཀེ་ར་,མཱར་གཱུལ་སི་,མཱར་གཱུལ་སི་,d
ssc-biology-10-256,ཤིང་འབྲས་དང་སོན་ཚུ་སྐྱེ་དགོ་པ་ཅིན་ ག་ཅི་འབད་དགོཔ་ཨིན་ན?,4,8,18,18,b
ssc-biology-10-257,ཌུ་ར་བ་གཱསི་གི་ བཟོ་སྐྲུན་ས་ཁོངས་ངོ་མ་འདི་ ག་འདི་ནང་ལུ་ཡོདཔ་ཨིན་ན?,གླང་ཁོག་,ནང་ན་གི་ཁོག་པ་,ནང་ན་ཆུང་ཀུ་,ནང་ན་ཆུང་ཀུ་,d
ssc-biology-10-258,སྲོག་ཆགས་ཀྱི་ཁྱད་ཆོས་ཚུ་ ཚད་འཛིན་འབད་མིའི་སྡེ་ཚན་འདི་ ག་ཅི་སྦེ་མིང་བཏགས་ཡོདཔ་ཨིན་ན?,Copsychus saularis ཟེར་མི་འདི་,Nymphaea nauchali,Panthera tigris འདི་ ཀྲོང་གསར་ལུ་སྡོད་མི་,Panthera tigris འདི་ ཀྲོང་གསར་ལུ་སྡོད་མི་,c
ssc-biology-10-259,ཚྭ་གི་རྟིང་ \rightarrow ཤ་ལིག་ \rightarrow སྦུལ་,ཨེ་མ་,ཨ་རུ་ར་ཤིང་གི་འདབ་མ་,གེ་ཟ་,གེ་ཟ་,b
ssc-biology-10-260,,ཨ་པ་,ཨ་མ་,སབ་བི་ནཱ།,སབ་བི་ནཱ།,a
ssc-biology-10-261,རྒྱུགས་བརྙན་འདི་ ག་ལུ་སྟོན་བྱིནམ་སྨོ་,གྲུ་གཟིངས་,སི་ཝི་པཱལཊི་,སྒྲ་དབྱངས་ཁང་,སྒྲ་དབྱངས་ཁང་,b
ssc-biology-10-262,འཛམ་གླིང་འདི་ སྲོག་ཆགས་ཀྱི་རྒྱལ་ཁབ་༦ ལུ་ དབྱེ་བ་ཕྱེ་མི་ག་ཡོདཔ་ཨིན་ན?,69.04,61.6,5.28,5.28,d
ssc-biology-10-263,FADH_{2}་གི་ རྡུལ་ཕྲན་བཞི་ལས་ ATP་ག་དེ་ཅིག་ཐོན་འོང་ག་,ཀོ་པི་ཀུ་སྦྱིས་,ཌི་ཨའི་ཊོམ་,དཀར་མདོག་དམརཔོ་འབད་མི་ཚལ་,དཀར་མདོག་དམརཔོ་འབད་མི་ཚལ་,c
ssc-biology-10-264,གཟུགས་ནང་གི་ ཨསིཌ་དང་ཁཱལ་ཀ་ལི་གི་གནས་ཚད་འདི་ ག་འདི་གིས་སྲུང་སྐྱོབས་འབདཝ་ཨིན་ན?,ཤོག་ལེབ་གི་ཁྱབ་ཚད་,ཤོག་གྲངས་ཚུ་,ཚ་དྲོད་,ཚ་དྲོད་,c
ssc-biology-10-265,ང་བཅས་རའི་ རྒྱལ་ཡོངས་ཀྱི་ སེམས་ཅན་ལུ་ ཚན་རིག་གི་མིང་ག་ཅི་ཡོདཔ་ཨིན་ན?,རུས་ཚིགས་ཀྱི་ས་སྒོ་,དངོས་པོ་རྫུས་མ་ཚུ་,རའི་བོ་ཟོ་མ,རའི་བོ་ཟོ་མ,d
ssc-biology-10-266,ང་བཅས་ཀྱིས་ ནིཊི་ཇཱོན་ཚུ་ ག་ལས་ཐོབ་དོ་ཡོདཔ་ཨིན་ན?,ཚ་གྱང་ལང་དོ་,ལན་གསལ་ཚུ་,སྣུམ་འཁོར་,སྣུམ་འཁོར་,a
ssc-biology-10-268,,ཡུ་རི་ཡ་,པེ་ཊ་སི་ཡམ་,བོ་རོན་,བོ་རོན་,c
ssc-biology-10-269,"ཌེང་གི་ནད་འབུབ་ཀྱི་ རིགས་བརྒྱུད་ནང་ ག་ཅི་ཡོདཔ་ཨིན་ན?""",ཨེམ་བི་བཱ་,ཌི་ཨའི་ཏོམ་,པེན་སི་ལི་ཡཱན་,པེན་སི་ལི་ཡཱན་,c
ssc-biology-10-271,,གཉིས་,གསུམ་,བཞི་,བཞི་,b
ssc-biology-10-272,Rashid གིས་ བཞེས་སྒོ་འདི་ལས་ ནུས་ཤུགས་ག་དེ་ཅིག་ཐོབ་ཚུགས་ནི་ཨིན་ན?,adonine དང་ thiomine ཟེར་མི་གཉིས་ཨིན།,Cytosineདང་ thiamine ཟེར་མི་གཉིས་ཨིན།,ཇི་ཝཱན་ནི་དང་ ཡུ་རཱསི་ལཱལ་,ཇི་ཝཱན་ནི་དང་ ཡུ་རཱསི་ལཱལ་,d
ssc-biology-10-273,བི་-སེག་ར་གི་འབྱུང་ཁུངས་འདི་ག་ཅི་ཡོདཔ་ཨིན་ན?,ཨེ,བི་,ཨེབ,ཨེབ,d
ssc-biology-10-275,F སྔོ་ཚལ་: CO_{2} སྐྱེ་ལྡན་གྱི་གནས་སྟངས་ནང་ལུ་ ཚ་གྱང་ལང་མི་རྒྱུ་རྫས་འདི་ ཨོ་ཁཱོ་ལི་ཨེས་ཊི་ཨེས་ཏིག་ཨེ་སིཌ་ཨིན།,ཟླཝ་གསུམ་པ།,ཟླཝ་བཞི་,ཟླཝ་ལྔ་,ཟླཝ་ལྔ་,d
ssc-biology-10-276,,སེནཊོ་མེ་ཡ་ར་,ལོ་ཀཱསི་,RNA འདི་,RNA འདི་,c
ssc-biology-10-277,E དང་ F འདི་ ཤིང་སྡོང་ནང་ལུ་ལག་ལེན་འཐབ་ཨིན།,i དང་ ii,i དང་ iii,ii དང་ iii,ii དང་ iii,c
ssc-biology-10-278,i. E འདི་ ཤིང་སྡོང་གིས་ བཟོ་མི་ ཀ་བཱལ་ཇར་མང་ཤོས་ཅིག་ཨིན་མས།,ཨ་མཱནོ་ཨེ་སིཌ་,ཡུ་རི་ཀཨེ་སིཌ་,ཡུ་རོ་ཀོརོམ་,ཡུ་རོ་ཀོརོམ་,d
ssc-biology-10-279,༢། F འདི་ C_{3} དང་ C_{4} གི་འཁོར་ལོ་གཉིས་ཆ་ར་ལུ་ དུས་གཅིག་སྦེ་བྱུང་དོ་ཡོདཔ་ཨིན།,327,357,393,393,b
ssc-biology-10-280,གསུམ་པ་ ཤིང་སྡོང་ E གིས་ ཤིང་སྡོང་ F ལས་ཉུང་བ་ ཐོན་སྐྱེད་འབད་དོ་ཡོདཔ་ཨིན།,མར་ཁུ་དང་ ཨོམ་,ཨོམ་དང་ཚྭ་,ཨོམ་དང་སྦྲང་རྩི་,ཨོམ་དང་སྦྲང་རྩི་,a
ssc-biology-10-281,འོག་ལུ་ཡོད་མི་ལས་ ག་འདི་བདེན་པ་ཨིན་ན་ཟེར་བ་ཅིན་,i དང་ ii,i དང་ iii,ii དང་ iii,ii དང་ iii,b
ssc-biology-10-282,ཊུ་ནི་ཀ་མི་ཌི་ཡ་འདི་ ག་ཅི་ལས་བཟོ་བཟོཝ་ཨིན་ན?,i དང་ ii,i དང་ iii,ii དང་ iii,ii དང་ iii,c
ssc-biology-10-283,ཀ་ལོརོ་ཕི་ལཱི་གི་ རྒྱུ་རྐྱེན་ངོ་མ་འདི་ག་ཅི་ཡོདཔ་ཨིན་ན?,གདམ་ཁ་ཅན་གྱི་ སྦྱང་བ་,ཁམས་ལོག་སི་སི་གི་བཟོ་དབྱིབས་,ཐབ་ཚངཔ་གི་ལཱ་,ཐབ་ཚངཔ་གི་ལཱ་,d
ssc-biology-10-284,Stroma འདི་ག་ཏེ་གི་ཆ་ཤས་ཅིག་ཨིན་ན?,Ca དང་ Fe,Mg དང་ N,Fe དང་ K,Fe དང་ K,b
ssc-biology-10-285,རྒུན་འབྲུམ་ཚུ་སྦྲང་རྩི་ནང་བཙུག་པ་ཅིན་ ག་ཅི་འབྱུང་ནི་ཨིན་ན?,ཕྲ་རིང་འདི་,ཀ་ལོརོ་པཱསི་ཊིསི་,མི་ཊོ་ཀོནཌི་ཡ་,མི་ཊོ་ཀོནཌི་ཡ་,b
ssc-biology-10-286,ཟ་མི་བཞེས་སྒོ་ག་འདི་གིས་ མཆིན་ནང་ཨསིཊ་ཡར་འཕར་གཏང་ནི་ཨིན་ན?,ཕྱི་ལས་འཐོན་འགྱོ་ནི་,ནང་ན་འཛུལ་ནི་,སྦ་སྒོར་བཙུགས་ནི་,སྦ་སྒོར་བཙུགས་ནི་,a
ssc-biology-10-287,སྨན་བཟོ་རིག་དང་ འཕྲུལ་རིག་འདི་ ག་བཟུམ་ཅིག་ཡོདཔ་ཨིན་ན?,ཉ་ཚུ་,སྔོ་ཚལ་,མར་,མར་,a
ssc-biology-10-288,ཌོག་ཊར་གྱིས་ སླབ་དོ་བཟུམ་འབད་བ་ཅིན་ མོ་ལུ་ གཟུགས་ཁམས་འཕྲོད་བསྟེན་གྱི་ དཀའ་ངལ་ཡོདཔ་ལས་ མོ་གིས་ བཞེས་སྒོ་ལེགས་ཤོམ་སྦེ་ཟ་དགོཔ་སྦེ་ སླབ་ཅི་ཟེར་ཨིན་པས།,ནགས་ཚལ་,Pharmacy,སྐྱེ་ལྡན་འཕྲུལ་རིག་,སྐྱེ་ལྡན་འཕྲུལ་རིག་,b
ssc-biology-10-289,,ཉ་ཚུ་,ཤ་ཚུ་,སྔོ་ཚལ་,སྔོ་ཚལ་,d
ssc-biology-10-290,ཤེས་རབ་ཀྱིས་ བཞེས་སྒོ་ག་ཅི་ཟ་ནི་ཡོདཔ་སྨོ་ཟེར་,i དང་ ii,i དང་ iii,ii དང་ iii,ii དང་ iii,a
ssc-biology-10-291,ཌོག་ཊར་གྱིས་ སླབ་དོ་བཟུམ་འབད་བ་ཅིན་ མོ་ལུ་ གཟུགས་ཁམས་འཕྲོད་བསྟེན་གྱི་ དཀའ་ངལ་ཡོདཔ་ལས་ མོ་གིས་ བཞེས་སྒོ་ལེགས་ཤོམ་སྦེ་ཟ་དགོཔ་སྦེ་ སླབ་ཅི་ཟེར་ཨིན་པས།,0.30%,0.03%,0.00%,0.00%,a
ssc-biology-10-292,,གེ་ཟ་,ཀོ་རེནཊི་,ལགཔ་གི་ཚིགས་,ལགཔ་གི་ཚིགས་,c
ssc-biology-10-293,ཤེས་རབ་ཅན་གྱི་བཞེས་སྒོ་གི་ཆ་ཤས་ངོ་མ་འདི་,i དང་ ii,i དང་ iii,ii དང་ iii,ii དང་ iii,a
ssc-biology-10-294,i. སེ་ལུལ་ୋଜ,২৮ - ৩০,৩২ - ৩৪,৩৪ - ৩৬,৩৪ - ৩৬,d
ssc-biology-10-295,༢། ལི་གཱནིན་,3,6,9,9,b
ssc-biology-10-296,གསུམ་པ་ ཨོ་ལ་ཚྭ་,i དང་ ii,i དང་ iii,ii དང་ iii,ii དང་ iii,b
ssc-biology-10-297,འོག་ལུ་ཡོད་མི་ལས་ ག་འདི་བདེན་པ་ཨིན་ན་ཟེར་བ་ཅིན་,༡༣༦.༠ \AA,༨༦༠.༠ \AA,༡༣༦༠.༠ \AA,༡༣༦༠.༠ \AA,c
ssc-biology-10-298,ཆུ་འདི་ནང་ལུ་ ཀ་བཱོན་ཌི་ཨོཀསི་ཌི་གི་ བརྒྱ་ཆ་ག་དེ་ཡོདཔ་ཨིན་ན?,i དང་ ii,i དང་ iii,ii དང་ iii,ii དང་ iii,b
ssc-biology-10-299,སའི་ཤིང་འདི་ནང་ལུ་ དང་པ་རང་གནས་ཚུགས་པའི་རྒྱུ་རྫས་འདི་ phosphoglyceric acid ཨིནམ་དང་ འདི་ཤིང་གི་རིགས་ག་ལུ་ཡོདཔ་ཨིན་ན?,མཆིན་ནད་འབུབ་,ཚལ་ལུ་,ནད་འབུབ་,ནད་འབུབ་,d
ssc-biology-10-301,i. ཉིམ་འོད་དང་ སྲོག་ཆགས་ཚུ་གི་བར་ན་ མཐུད་སྦྲེལ་འབད་ཡོདཔ་ཨིན།,པི་ཊི་ཝི་ཊེ་རི་,ཨེཌར་ནེལ་,ཐའི་རོ་ཡེཌ་,ཐའི་རོ་ཡེཌ་,c
ssc-biology-10-302,༢། སྲོག་ཆགས་ག་ར་གིས་ རང་སོའི་བཞེས་སྒོ་བཟོ་ཚུགས།,ཐའི་མཱིན་,གུ་ཝིན་ནིན་,སི་ཊོ་སི་ནའི་,སི་ཊོ་སི་ནའི་,a
ssc-biology-10-303,གསུམ་པ་ ཉི་མའི་ཤུགས་འདི་ ဓာတုཤུགས་ལུ་འགྱུར་ཏེ་ཡོད།,ཏ་ར་ཀི་ཌ་,སི་བཱོ་ཀོཤ་,གྲུ་གཟིངས་,གྲུ་གཟིངས་,c
ssc-biology-10-304,འོག་ལུ་ཡོད་མི་ལས་ ག་འདི་བདེན་པ་ཨིན་ན་ཟེར་བ་ཅིན་,ལྕགས་ཤོག་,ནིའུ་ཀིའུསི་,མི་ཊོ་ཀོནཌི་ཡ་,མི་ཊོ་ཀོནཌི་ཡ་,b
ssc-biology-10-305,DNA ཌབ་ལིག་ ཧེ་ལི་ཀིསི་འདི་ དུས་ཡུན་འཁོར་ལོ་བཞི་བཅུ་དེ་ཅིག་ནང་ ཚར་གཅིག་ཡང་མི་འགྱོ།,ལན་གསལ་ཚུ་,གོ་རིམ་ཚུ་,ཤིམ་ཱུལ་,ཤིམ་ཱུལ་,a
ssc-biology-10-306,নিচের কোনটির উপস্থিতির কারণে রক্ত লাল হয়?,པེ་ཊ་སི་ཡམ་,ཀ་ལསི་ཡཱེམ་,ལྕགས་,ལྕགས་,c
ssc-biology-10-307,"অ্যডিনোসিন + Pi \rightarrow ADP + Pi \rightarrow Y
 
 উদ্দীপকে উল্লিখিত প্রক্রিয়ার প্রথম ধাপে কয়টি ফসফেট অংশগ্রহণ করে?",1,2,3,3,a
ssc-biology-10-309,i. རིང་དྲགས་དང་ ཕྲ་རིང་ཅན་ཨིན།,ཤ་ཚིགས་ཚིགས་ཚུ་,ལྕགས་ཤོག་གི་གཟུགས་ཚིགས་,མཐུད་སྦྲེལ་གྱི་གཟུགས་ཚིགས་,མཐུད་སྦྲེལ་གྱི་གཟུགས་ཚིགས་,a
ssc-biology-10-310,༢། འདི་ནང་ལུ་ protoplasm ཟེར་མི་འདི་མེདཔ་ཨིན།,པེ་ཀཊིན་,ལི་པིཌ་,ཀའི་ཊིན་,ཀའི་ཊིན་,b
ssc-biology-10-311,གསུམ་པ་ དེ་སྦེ་འབདཝ་ད་ལུ་ ང་བཅས་རང་གི་ཨ་ལོ་བཟུམ་སྦེ་ སེམས་ཤུགས་བསྐྱེད་དེ་སྡོད་དགོཔ་ཨིན།,O_{2} འདི་ལུ་,CO_{2} འདི་ཡང་,N_{2} འདི་ཚུ་,N_{2} འདི་ཚུ་,b
ssc-biology-10-312,འོག་ལུ་ཡོད་མི་ལས་ ག་འདི་བདེན་པ་ཨིན་ན་ཟེར་བ་ཅིན་,ལཱསི་ཀ་,ཁྲག་ཕྲ་རིང་,སི་ན་པཱསི་,སི་ན་པཱསི་,a
ssc-biology-10-313,ཁྲག་གི་ནང་འཁོད་ལུ་ མུ་ཏིག་བཟུམ་སྦེ་ མགྱོགས་དྲགས་སྦེ་བཟོ་མི་ མུ་ཏིག་ཚིལ་ལུ་ མིང་ག་ཅི་བཏགས་ནི་ཡོདཔ་ཨིན་ན?,ཡུ་རོ་ཀོརོམ་,ཀྲི་རེ་ཊི་ནིན་,ཡུ་རི་ཀཨེ་སིཌ་,ཡུ་རི་ཀཨེ་སིཌ་,b
ssc-biology-10-314,ཁྲག་ག་ག་ལངམ་སྦེ་བྱིན་མི་འདི་ ག་བཟུམ་ཅིག་ཡོདཔ་ཨིན་ན?,i དང་ ii,ii དང་ iii,i དང་ iii,i དང་ iii,d
ssc-biology-10-316,འ་ནི་གློག་རིམ་འདི་ནང་ལུ་ ATPག་དེ་ཅིག་ཐོན་འོང་ག་ཟེར་བ་ཅིན་,ཨེ,བི་,ཨེབ,ཨེབ,d
ssc-biology-10-318,,ཧཱ་པཱལོཌ་,བཏོན་གཏང་,གསུམ་སྒྲིལ་འབད་མི་,གསུམ་སྒྲིལ་འབད་མི་,c
ssc-biology-10-319,མཆིན་པའི་ནད་གཞི་འདི་ ག་ཅི་སྦེ་མིང་བཏགས་ཡོདཔ་སྨོ་ཟེར་,ནང་བཙུགས་འབད་ཐངས་,ཟི་གཱོཊ་,བཱལ་སི་ཊོ་སི་བཱསི་,བཱལ་སི་ཊོ་སི་བཱསི་,c
ssc-biology-10-321,i. ཤར་ཕྱོགས་ལུ་,i དང་ ii,ii དང་ iii,i དང་ iii,i དང་ iii,a
ssc-biology-10-322,༢། ཚལ་ལུགས,৮০-৮২,৮৫-৮৭,৮৮-৯০,৮৮-৯০,d
ssc-biology-10-323,གསུམ་པ་ མཆིན་ནད་འབུབ་ནང་ལུ་,བོ་རོན་,ཀ་ལོརིན་,མཱན་གཱན་གྱི་,མཱན་གཱན་གྱི་,a
ssc-biology-10-324,འོག་ལུ་ཡོད་མི་ལས་ ག་འདི་བདེན་པ་ཨིན་ན་ཟེར་བ་ཅིན་,དྲན་ཚོར་འབད་ཐངས་,ཨམ་བི་ཤི་ན་,འོད་སྦྱོར་འབད་ཐངས་,འོད་སྦྱོར་འབད་ཐངས་,c
ssc-biology-10-325,སྤྱིར་བཏང་མི་གིས་ ཉིན་བསྟར་བཞིན་དུ་ ཆུ་ལི་ཊར་ག་དེ་ཅིག་ལས་བརྒལ་ འཐུང་མི་ཚུགས།,i དང་ ii,ii དང་ iii,i དང་ iii,i དང་ iii,b
ssc-biology-10-326,ཕྲ་རྡོག་གཅིག་ལུ་ ནད་འབུབ་ཚུ་གིས་ གནོད་སྐྱོན་རྐྱབ་ནི་ལས་ བཀག་ཆ་འབད་ཚུགས་མི་འདི་ ག་ཨིན་ན་,ནིཊི་རོཇེན་,ཀ་བཱོན་,སོ་ཌིཡཱམ,སོ་ཌིཡཱམ,b
ssc-biology-10-327,ནང་འཁོད་གློག་ཐིག་འདི་ག་ཏེ་ལུ་ཡོདཔ་ཨིན་ན?,TMV,Shigella,ཨ་མི་བཱ་,ཨ་མི་བཱ་,b
ssc-biology-10-328,ག་འདི་ནང་ལུ་ ཕོལོམའིཊི་བཱལ་བཱལ་ཚུ་ཡོདཔ་ཨིན་ན?,i དང་ ii,i དང་ iii,ii དང་ iii,ii དང་ iii,c
ssc-biology-10-329,སྲོག་ཆགས་ཀྱི་པགས་པའི་ནང་ལུ་ རིམ་པ་ཅན་གྱི་པགས་ཚལ་འདི་ཡོདཔ་ཨིན་ན།,རིག་འཛིན་ཚུ་,གཟུགས་ཁམས་འཕྲོད་བསྟེན་ལེགས་ཤོམ་མེདཔ་,གླུ་གཞས་,གླུ་གཞས་,a
ssc-biology-10-330,གཟུགས་ཁམས་འཕྲོད་བསྟེན་གྱི་སྐབས་ གློག་རྡུལ་གཱལའུ་ཀོཟ་འདི་ བརླག་གཏང་པ་ཅིན་ ནུས་ཤུགས་ག་དེམ་ཅིག་ཐོབ་ནི་ཨིན་ན?,i དང་ ii,ii དང་ iii,i དང་ iii,i དང་ iii,c
ssc-biology-10-332,མི་དབང་མཆོག་གིས་ X གིས་ ནད་འབུབ་ག་ཅི་ཐོབ་ཡོདཔ་ཨིན་ན?,ནིའུ་ཀཱལའུསི་,མི་ཊོ་ཀོནཌི་ཡ་,ལྕགས་ཤོག་གི་གཟུགས་,ལྕགས་ཤོག་གི་གཟུགས་,d
ssc-biology-10-334,,རྐངམ་,གེ་ཟ་,ཀོ་རེནཊི་,ཀོ་རེནཊི་,a
ssc-biology-10-335,ད་འགོ་དང་པ་རང་ ཤིང་གི་ཚད་གཞི་འདི་ བརྒྱ་ཆ་ག་དེ་ཅིག་ལུ་ ལྷོད་ཚུགས་ནི་ཨིན་ན?,སྐད་རྐྱབ་ནི་,སྦུལ་,བྱི་ཅུང་འབུབ་,བྱི་ཅུང་འབུབ་,b