identity,question,a དེ་ཚུ་,b,c,d,correct_ answer
jsc-math-8-1,ལྡབ་བཞི་གི་ལགཔ་གཅིག་ལུ་ མི་ཊར་༢ཡོད་པ་ཅིན་ ལགཔ་གི་ཟུར་དེ་ག་དེམ་ཅིག་འོང་ནི་སྨོ་,\sqrt{2}འ་ནི་ལས་ཀ་འདི་གིས་ ཐད་ཀར་དུ་ ཁྱོད་རའི་གནས་སྟངས་ནང་ལུ་ བསྒྱུར་བཅོས་འབད་ཚུགས།,ཌའི་ལོག་གི་ས་སྒོ་འདི་ ཌའི་ལོག་གི་ས་སྒོ་ཨིན།,མི་ཊར་༤་གི་རིང་ཚད་ཨིན།,ལྕང་ལཱ་རྐྱབ་ནིའི་ཚད་གཞི་དེ་ ཨིན་པས།,b
jsc-math-8-2,1 ཨེ་ཀར་འདི་གྲུ་བཞི་མི་ཊར་ག་དེ་ཅིག་ཨིན་ན?,4046.86 གི་ས་སྟོང་ཨིན།,༤༠༦༤.༦༦ རྩི་ས་མི་ཊར་,༤༤༠༦.༨༦ རྩི་ས་མི་ཊར་,4640.86 sq.m དེ་ནང་ལུ་,a
jsc-math-8-4,i.x+y=0 ཨིན་པས།,༢x ཨིན་པས།,4x ཨིན་པས།,༤་༢་,0,c
jsc-math-8-5,i. \frac{x}{y} = -1 ཨིན་,a+༡ གིས་,a2 - a - 1 འདི་ཨིན་མེན་ན་,a+a+a^2 འདི་ཡང་ 1+a+a^2ཨིན།,1 - a - a2 འདི་ཨིན་ཅི་མིན་ཅི་,c
jsc-math-8-6,iii. xy = \frac{(p - 1) ^{2}}{q^{2}},\frac{4}{a} འདི་ཡང་ ཌའི་ལོག་ནང་ལུ་ཨིན་,\frac{3}{a} འདི་ཡང་ སྦ་སྒོར་ནང་ཨིན་,\frac{2}{a} འདི་ཡང་ སྦ་སྒོར་ནང་ཨིན་,\frac{1}{a} འདི་ཡང་ ཌའི་ལོག་གི་མིང་ཨིན།,d
jsc-math-8-7,འོག་ལུ་ཡོད་མི་ལས་ ག་འདི་བདེན་པ་ཨིན་ན་ཟེར་བ་ཅིན་,1,x+2 དེ་ ༢ ཨིན།,x - ༢ དེ་ ༢ ཨིན།,x^{2} ནུས་མེད་གཉིས་,a
jsc-math-8-8,"x - y = 2p དང་ px + qy = p^{2} + q^{2}ཨིན་པ་ཅིན་ (x, y) འདི་ག་དེམ་ཅིག་འོང་ནི་ཨིན་ན?",i དང་ ii,i དང་ iii,ii དང་ iii,"i, ii དང་ iii ཚུ་ཨིན།",a
jsc-math-8-9,"(-3, -2) འ་ནི་ས་སྒོ་འདི་ ཀེར་ཐིག་ག་ཏེ་ལུ་ཡོདཔ་ཨིན་ན?","(p - q, p + q) འདི་ཡང་ ཀི་ལོ་མི་ཊར་ ༡༠༠ གི་རིང་ལུ་","(q - p, p + q) འདི་ཡང་","(p + q, p - q) འདི་ཡང་ ཌའི་ལོག་གི་ཨང་གྲངས་ཨིན།","(p + q, q - p) འདི་ཡང་",d
jsc-math-8-10,"p = {1, 2, 3, 4} གི་སྡེ་ཚན་ག་དེ་ཅིག་ཡོདཔ་ཨིན་ན?",བཞི་པ་,༣་,༢་,༡་,b
jsc-math-8-11,"P = {x: x, 4 གི་གྱངས་ཁ་དང་ 1 < x < 8}
Q = {x: x, རྟེན་གྲངས་དང་ 1 < x < 6}
P གི་སྡེ་ཚན་འདི་ག་དེ་ཅིག་ཨིན་ན?",4,8,15,16,d
jsc-math-8-12,"P = {x: x, 4 གི་གྱངས་ཁ་དང་ 1 < x < 8}
Q = {x: x, རྟེན་གྲངས་དང་ 1 < x < 6}
Q/P གི་འོག་ལུ་ ག་འདི་ཡོདཔ་ཨིན་ན?","{2, 4}","{1, 4}","{1, 2}","{1, 2, 4}",a
jsc-math-8-13,རྟ་གི་ཟུར་བཞི་གི་བསྡོམས་འདི་ག་དེམ་ཅིག་ཨིན་ན?,{ },{varnothing} འདི་ཡང་ ཌའི་ལོག་ནང་ལུ་མཐོང་ནུག,{4},{6},a
jsc-math-8-14,a+b=4 དང་ a-b=2 ཨིན་པ་ཅིན་ a^{3} - b^{3} འདི་ག་དེམ་ཅིག་འོང་ནི་ཨིན་ན?,༡༨༠་\degree,༢༧༠་\degree,༣༠༠\degree,༣༦༠་\degree,d
jsc-math-8-15,\frac{1}{a - 2} - \frac{a}{a^{2} -4} གི་རྩ་ཅན་འདི་ག་ཅི་ཨིན་ན?,27,26,8,1,b
jsc-math-8-16,སྦུག་གི་འགྱུར་ཚད་ག་དེམ་ཅིག་ཡོདཔ་ཨིན་ན?,\frac{2}{a - 2} འདི་ཨིན་པ་ཅིན་,\frac{-2}{a + 2} འདི་ཡང་ བརྒྱ་ཆ་ ༢་གི་རྩིས་གཞི་ཨིན།,\frac{-2}{a^{2} + 4} འདི་ཡང་ སྦྲགས་སྦྲགས་འབད་བཏུབ་ཨིན།,\frac{a^{2} - 4} དེ་ ཨེ་རེ་ལུ་ཨེབ་གཏང་འབད།,d
jsc-math-8-17,⁇ 6 - 10 ⁇ གི་དབྱེ་བ་འདི་ག་དེམ་ཅིག་ཡོདཔ་ཨིན་ན?,༡ ཨིན་པས།,༢་ཨིན།,༣་ཨིན།,༤ ཡོདཔ་ཨིན།,c
jsc-math-8-18,"༠, ༠, ༢, ༤, ༦, ༨, ༧, ༣ འདི་ཚུ་རྩིས་སྟོན་གྱི་གནས་གོང་ལས་དམའ་ཤོས་ཅིག་ཨིན་ན།",4,5,6,10,b
jsc-math-8-19,"1, 3, 5, 7, .... གྲལ་ཐིག་འདི་ ཨེལ་ཇི་བེ་རི་ཀིཊ་གི་རྟགས་མཚན་ག་ལུ་གཞི་བསྟུན་འབད་ཡོདཔ་ཨིན་ན?",3.75,5,5.75,6,a
jsc-math-8-20,༢༡ ལུ་གཞི་རྟེན་གྱངས་ཁ་འདི་ག་དེམ་ཅིག་ཡོདཔ་ཨིན་ན?,ཀི་ + ༡,༢་ཀ+༡,༢་-༡,༣་༢་,c
jsc-math-8-21,འ་ནི་གྱངས་ཁ་ཚུ་ ཕི་བོ་ན་ཀི་གི་གྱངས་ཁ་ཚུ་ཨིནམ་ཨིནམ།,1,5,10,20,b
jsc-math-8-22,གནས་སྡུད་ཚུའི་མཐོ་ཤོས་གནས་གོང་འདི་ ༨༠ དང་ ཉུང་ཤོས་གནས་གོང་འདི་ ༤༠ དང་ དབྱེ་བ་དེ་ ༥ ཨིན་པ་ཅིན་ དབྱེ་བ་ཨང་འདི་ག་དེམ་ཅིག་འོང་ནི་ཨིན་ན?,"0, 1, 1, 2, 3, ... ...","0, 0, 1, 2, 3, ... ...","0, 1, 2, 3, 4, ... ...","0, 2, 4, 6, 8, ... ...",a
jsc-math-8-23,"༢,༡,༩,༠,༣,༤,༡,༦,༩,༠ གི་བར་ནའི་གནས་གོང་དེ་ག་དེམ་ཅིག་ཡོདཔ་ཨིན་ན?",8,9,40,41,b
jsc-math-8-24,"ཅ་ཆས་ཅིག་ལུ་ དངུལ་ཀྲམ་༢,༣༧༥ དེ་རེ་སྦེ་ གོང་ཚད་བརྒྱ་ཆ་༥ གི་གྱོང་རྒུད་ཐོག་བཙོང་པ་ཅིན་ གོང་ཚད་ག་དེམ་ཅིག་སྦེ་འོང་ནི་ཨིན་ན?",3.89,3.77,3.5,2.4,c
jsc-math-8-25,ཁེ་སང་ཧྲིལ་བུམ་དང་ ཡང་ཅིན་ ཁེ་སང་ཡར་འཕར་འགྱོ་ནི་དེ་ ...,"དངུལ་ཀྲམ་༢,༤༠༠",དངུལ་ཀྲམ་ ༢༤༥༠,"དངུལ་ཀྲམ་༢,༤༧༥","དངུལ་ཀྲམ་ ༢,༥༠༠",d
jsc-math-8-26,i. I = Per ཨིན་ན།,i དང་ ii,ii དང་ iii,i དང་ iii,"i, ii དང་ iii ཚུ་ཨིན།",c
jsc-math-8-27,༢། A = P (I - nr),༧\frac{1}{2}% དེ་ཚུ་,15%,16%,20%,b
jsc-math-8-28,གསུམ་པ་ C = P(I + r) ^{n},i དང་ ii,i དང་ iii,ii དང་ iii,"i, ii དང་ iii ཚུ་ཨིན།",b
jsc-math-8-29,འོག་ལུ་ཡོད་མི་ལས་ ག་འདི་བདེན་པ་ཨིན་ན་ཟེར་བ་ཅིན་,20,25,50,100,d
jsc-math-8-30,"ལོ་བསྟར་སྐྱེད་ཀྱི་བརྒྱ་ཆ་ག་དེམ་ཅིག་ལུ་ བརྒྱ་ཆ་༤,༠༠༠ གིས་ ལོ་༤ གི་ནང་འཁོད་ལུ་ འོང་འབབ་དངུལ་ཀྲམ་༢,༤༠༠ བཟོཝ་ཨིན་ན?",༡་༠་གི་གྱངས་ཁ་ཨིན།,ཐེངས་ ༡༠༠,ཐེངས་སྟོང་ཕྲག་གཅིག་,"ཚར་ ༡༠,༠༠༠",b
jsc-math-8-31,ལྡེ་མིག་གི་ཡན་ལག་དེ་ ༥་མི་ཊར་ཡོད་པ་ཅིན་,མི་ཊར་༠.༨༢,མི་ཊར་༠.༩༦,མི་ཊར་༡.༢༨,མི་ཊར་༡.༦༤,d
jsc-math-8-32,i. ས་ཁོངས་ཀྱི་རྒྱ་ཚད་ ༢༥.,དང་པ་,གཉིས་པ་,གསུམ་པ་,བཞི་པ་,b
jsc-math-8-33,༢། རོང་གི་རིང་ཚད་དེ་ མི་ཊར་༡༠ ཨིན།,(x = ༧) འདི་ཨིན།,(x + 7) འདི་ལུ་བལྟ་བ་ཅིན་,x (x) = 7 ཨིན་པས།,x (x + 7) འདི་ཡང་ x (x + 7) ཨིན།,a
jsc-math-8-34,གསུམ་པ་ ས་སྒོ་ཚད་ མི་ཊར་༢༠,2\sqrt{5} དེ་ཚུ་,- ཨིན་ཅི་མིན་ཅི་,\sqrt{5} འདི་ཡང་ ཌའི་ལོག་ནང་ལུ་,༥ \sqrt{5} དེ་ཚུ་,c
jsc-math-8-35,"འ་ནི་གྲལ་ལས་ ག་འདི་བདེན་པ་ཨིན་ན?""",16,24,25,36,c
jsc-math-8-36,5 སྦ་སྒོར་ནང་ ཤིང་གི་ལྕངམ་ག་དེམ་ཅིག་ཡོདཔ་ཨིན་ན?,"{1, 2, 4}","{2, 4, 5}","{2, 4, 6}","{3, 5, 6, 7}",a
jsc-math-8-37,ཧེ་ཀཱཊོ་ཟེར་མི་འདི་ གིརིག་གི་སྐད་ནང་ལུ་འབད་བ་ཅིན་,i དང་ ii,i དང་ iii,ii དང་ iii,"i, ii དང་ iii ཚུ་ཨིན།",a
jsc-math-8-38,སྣུམ་འཁོར་ཅིག་གི་འཁོར་ལོའི་དཀྱིལ་འཁོར་དེ་ ༥.༡༥མི་ཊར་ཨིན་པ་ཅིན་ འཁོར་ལོའི་དཀྱིལ་འཁོར་འདི་ག་དེམ་ཅིག་ཡོདཔ་ཨིན་ན?,(x - 6) (x - 7) འདི་ལུ་བལྟ་བ་ཅིན་,(x - 6) འདི་ (x + 7),(x+6) འདི་ (x+7) འདི་ (x+6) འདི་ (x+7),(x - 7) འདི་ (x + 6),d
jsc-math-8-39,-༥ དང་ ༥ གི་བར་མཚམས་འདི་ ཀེར་ཐིག་ག་ལུ་ཡོདཔ་ཨིན་ན?,"(0, - 4)","( - 4, 0)","(0, 3)","(3, - 1)",b
jsc-math-8-40,\frac{x^{3} - 49x}{x^{2} + 7x}གི་ཕྲ་རིང་འདི་ག་ཅི་སྨོ་,\frac{5}{9} འདི་ཡང་ ཌའི་ལོག་གི་ཨང་གྲངས་ཨིན།,\frac{9}{5}ལུ་ བཀྲམ་སྟོན་འབདཝ་ཨིན།,\frac{3}{11}ལུ་ བཀྲམ་སྟོན་འབདཝ་ཨིན།,\frac{11}{3} འདི་ཡང་ ཌའི་ལོག་ནང་ལུ་,c
jsc-math-8-41,x^{2} - \sqrt{5}x + 1 = 0 ཨིན་པ་ཅིན་ x + \frac{1}{x} = ག་དེ་ཅིག་ཨིན་ན?,32,34,36,38,d
jsc-math-8-42,x+y=6 དང་ x-y=4 ཨིན་པ་ཅིན་ 5xy གི་གནས་གོང་དེ་ག་དེམ་ཅིག་འོང་ནི་སྨོ་,ལྡེ་མིག་འདི་ ༧༥.༣༦ ཨིན། མི་དབང་མཆོག་གིས་,150.72 ཀི་ལོ་མི་ཊར་གྲུ་བཞི་ཨིན། མི་དབང་མཆོག་གིས་,226.08གྲུ་བཞི་ཨིན། མི་དབང་མཆོག་གིས་,༣༠༡.༡༡གྲུ་བཞི་ཨིན། མི་དབང་མཆོག་གིས་,b
jsc-math-8-43,"U = {1, 2, 3, 4, 5, 6, 7} དང་ A = {3, 5, 6, 7, } འདི་ A^{c} འདི་ག་བཟུམ་ཅིག་ཨིན་ན?",རྒྱ་ཚད་,དབྱེ་བ་ཚུ་,རྟ་ཚུ་,དམག་སྡེ་,c
jsc-math-8-45,i. I = ༩༠༠ ཨིན་པས།,༣༦༠་\degree,༣༠༠\degree,༢༧༠་\degree,༡༨༠་\degree,a
jsc-math-8-46,༢། C = ༥༩༠༠,ཟུར་བཞི་བཅུ་གཉིས་དེ་ཅིག་ཨིན། མི་དབང་མཆོག་གིས་,ལྡེ་མིག་ ༥༢ ཨིན། མི་དབང་མཆོག་གིས་,ཟུར་ 84 དེ་ཨིན། མི་དབང་མཆོག་གིས་,གྱངས་ཁ་འདི་ ༡༠༡ཨིན། མི་དབང་མཆོག་གིས་,a
jsc-math-8-47,གསུམ་པ་ A འདི་ ༣༩༠༠ ཨིན་པས།,8,13,21,34,c
jsc-math-8-48,འོག་ལུ་ཡོད་མི་ལས་ ག་འདི་བདེན་པ་ཨིན་ན་ཟེར་བ་ཅིན་,56,64,112,120,a
jsc-math-8-49,དངུལ་གྱི་གོང་ཚད་ ༢ ལུ་ཉོ་ཞིནམ་ལས་ དངུལ་གྱི་གོང་ཚད་ ༣ ལུ་བཙོང་པ་ཅིན་ ཁེ་སང་དང་གྱོང་རྒུད་བརྒྱ་ཆ་ག་དེམ་ཅིག་འོང་ནི་ཨིན་ན?,i དང་ ii,i དང་ iii,ii དང་ iii,"i, ii དང་ iii ཚུ་ཨིན།",b
jsc-math-8-50,ལོ་བསྟར་བརྒྱ་ཆ་༩་གི་ ཁེ་སང་ལུ་ལོ་ངོ་༣་གྱི་རིང་ལུ་ ཁེ་སང་ཡར་འཕར་འགྱོ་མི་འདི་ དངུལ་ཀྲམ་༢༠༠༠དེ་ཅིག་ཨིནམ་ལས་ ཁེ་སང་དེ་ག་དེམ་ཅིག་འོང་ནི་ཨིན་ན?,33\frac{1}{3}ལུ་ གྱོང་རྒུད་ཕོག་ཡོདཔ་ཨིན།,33\frac{1}{3}ཐོབ་ཚུགས་,ཕན་ཐོགས་བརྒྱ་ཆ་༥༠,%༥༠་ལུ་འཛོལ་ནུག,a
jsc-math-8-51,ཀི་ལོ་མི་ཊར་ ༡༠ གིས་ ཀི་ལོ་མི་ཊར་ག་དེ་ཅིག་བཟོཝ་ཨིན་ན?,དངུལ་ཀྲམ་ ༡༨༠,དངུལ་ཀྲམ་ ༥༤༠,དངུལ་ཀྲམ་༥༩༠.༠༦,"དངུལ་ཀྲམ་༢,༥༩༠.༠༦",c
jsc-math-8-52,ཟུར་ཟུར་གྱི་ཁང་མིག་འདི་ རིང་ཚད་ཀྱི་ཆ་ཤས་གསུམ་ཆ་གཅིག་དང་ ཁྱབ་ཚད་མི་ཊར་ ༤༨ ཨིནམ་དང་ ཁང་མིག་གི་ཁྱབ་ཚད་འདི་ ག་དེ་ཅིག་ཨིན་ན།,རྒྱང་འབོར་ ༦༢༡,ས་ཐག་རིང་ས་ ཀི་ལོ་མི་ཊར་༦.༢༡༡,ས་ཐག་རིང་ས་ ༡༦.༡༠ འབད་མི་ས་ཐག་རིང་ས་,༦༢.༡༡་མ་ལིགསི་ (དཔེར་ན་),b
jsc-math-8-53,ཟུར་ཐིག་ཅིག་གི་རྒྱ་ཚད་དེ་ ༢༤ དང་ མཐོ་ཚད་དེ་ ༡༢ ཨིན་པ་ཅིན་ ས་སྒོ་གྲུ་བཞི་དེ་ག་དེམ་ཅིག་ཨིན།,མི་ཊར་༦,མི་ཊར་ ༡༢,མི་ཊར་ ༡༨།,མི་ཊར་ ༢༤,a
jsc-math-8-54,ཀུ་བིཀ་གི་བཟོ་དབྱིབས་ཅན་གྱི་ ཙེའུ་གི་ལགཔ་གཅིག་ རིང་ཚད་མི་ཊར་༤ ཡོདཔ་ཨིན་པས། ཟངས་ཐིག་གི་རྒྱ་ཚད་ག་དེམ་ཅིག་ཡོདཔ་ཨིན་ན?,ཆུ་ཁ་ལུ་ ས་ཆ་ཨེ་ཀར་༧༢།,ས་ཁོངས་ཀྱི་རྒྱ་ཁྱོན་ ༡༤༤.,ཆུ་ཁ་མེ་ཊིག་ཊཱོན་ ༢༨༨,ཀུ་བིཀ་མི་ཊར་༩༦,b
jsc-math-8-55,5གི་རིམ་པ་ལུ་ཡོད་པའི་ magic square གི་ magic numberའདི་ག་དེམ་ཅིག་ཡོདཔ་ཨིན་ན?,ཀུ་བིཀ་མི་ཊར་ ༡༢,ཀུ་བིཀ་མི་ཊར་ ༡༦,ཀུ་བིཀ་མི་ཊར་༦༤,ཀུ་བིཀ་མི་ཊར་༩༦,c
jsc-math-8-57,,35,65,185,215,d
jsc-math-8-58,x^{2} - y^{2} གི་གནས་གོང་འདི་ག་དེམ་ཅིག་ཡོདཔ་ཨིན་ན?,37,35,25,5,b
jsc-math-8-60,"B = {3, 4, 5} དང་ C = {x \epsilon N: 6 < x \leq 12 དང་ x འདི་གཉིས་ཆ་རང་ཨིན།}",xyz,3xyz,3x^{3}y^{3}z^{3}ལུ་གཞི་བསྟུན་འབདཝ་ཨིན།,༡༢x^{3}y^{3}z^{3} འདི་ལུ་སླར་ལོག་འབདཝ་ཨིན།,d
jsc-math-8-61,,\frac{x - 3}{x - 2}ལུ་ བསྒྱུར་བཅོས་འབདཝ་ཨིན།,\frac{x + 3}{x + 2} འདི་ཨིན་པས,\frac{x - 3}{x + 2} འདི་ཨིན་པས,\frac{x + 3}{x - 2} འདི་ཨིན་པས,a
jsc-math-8-62,C གི་སྡེ་ཚན་ཆུང་ག་དེ་ཅིག་ཡོདཔ་ཨིན་ན?,"(- 5, 5)","(3, - 3)","(0, 4)","(2, 0)",d
jsc-math-8-65,i. ཐིག་ཁྲམ་དང་པ་འདི་ ༠ ཨིན།,"(3, - 3)","(4, - 1)",(4. 1),"(3, 3)",b
jsc-math-8-66,༢། འགོ་དང་པ་གི་དོན་ཚན་བཞི་ཆ་མཉམ་བསྡོམས་ 26.,རྒྱ་ཚད་,ལྡེ་མིག་,རོམ་བུསི་,མེ་ཏོག་མེ་ཏོག་,a
jsc-math-8-67,གསུམ་པ་ ཕྲང་ཕྲང་གཉིས་ཀྱི་ཁྱད་པར་ 5,དྲུག་ཨིན། དྲོ་པ་ཆུ་ཚོད་༨ ལང་དོ་ཡོདཔ་ཨིན་མས། དྲོ་པ་ཆུ་ཚོད་༩ ལང་ནུག མི་དབང་མཆོག་གིས་,དྲུག་ཨིན། དྲོ་པ་ཆུ་ཚོད་༧ དེ་ཅིག་ལུ་ དྲོ་པ་ཆུ་ཚོད་༨ ལང་དོ་ཡོདཔ་ཨིན་མས། མི་དབང་མཆོག་གིས་,ལྔ་ཆ་ཨིན། དྲོ་པ་ཆུ་ཚོད་ ༡༡།༣༠ དྲོ་པ་ཆུ་ཚོད་ ༡༢ དེ་ཅིག་ལུ་ མི་དབང་མཆོག་གིས་,ལྔ་ཆ་ཨིན། དྲོ་པ་ཆུ་ཚོད་ ༡༢ དེ་ཅིག་ལུ་ རླུང་མ་ཤུགས་སྦེ་འཕུ་བའི་སྐབས་ རླུང་མ་ཤུགས་སྦེ་འཕུ་འོང་། མི་དབང་མཆོག་གིས་,d
jsc-math-8-68,འོག་ལུ་ཡོད་མི་ལས་ ག་འདི་བདེན་པ་ཨིན་ན་ཟེར་བ་ཅིན་,0\degree ཟེར་མི་འདི་,༩༠་\degrees,༡༨༠་\degree,༣༦༠་\degree,d
jsc-math-8-69,ལོ་ངོ་ ༥ གི་ནང་འཁོད་ལུ་ ཁེ་སང་འདི་ གྱངས་ཁ་འདི་ ༢་སྦེ་ཡར་འཕར་སོང་པ་ཅིན་ ཁེ་སང་གི་ཚད་དེ་ག་དེམ་ཅིག་འོང་ནི་ཨིན་ན?,10,7,6,5,c
jsc-math-8-71,,17,20,21,25,d
jsc-math-8-72,x འདི་ག་དེ་ཅིག་ཨིནམ།,༧་༢་,7k+2 འདི་ཡང་ 7k+2 ཨིན།,༥༥༥༥་ + ༢༢༤,༧༧་༧་+༢,b
jsc-math-8-73,གོང་ཚད་དངུལ་ཀྲམ་༤༨༠ སྦེ་བཙོང་པ་ཅིན་ གོང་ཚད་ག་དེམ་ཅིག་སྦེ་འོང་ནི་སྨོ་,0,1,2,3,c
jsc-math-8-74,ལོ་ངོ་༢ ཀྱི་ནང་འཁོད་ལུ་ ཁེ་སང་དངུལ་ཀྲམ་༥༠༠ དེ་རེ་ འོང་འབབ་བརྒྱ་ཆ་༥ གི་ཐད་ཁར་ འོང་འབབ་ག་དེམ་ཅིག་ བཟོཝ་ཨིན་ན?,3%,4%,5%,6%,c
jsc-math-8-75,ཀི་ལོ་མི་ཊར་༡ མི་དབང་མཆོག་གིས་ = ག་དེམ་ཅིག་ཅིག་གི་ས་ཁར་ཡོདཔ་ཨིན་ན?,3%,4%,5%,6%,c
jsc-math-8-76,3 cm ཨིན་པུཊི་ M-ལག་གི་ ཟངས་ཐིག་གི་རྒྱ་ཚད་དེ་ག་དེམ་ཅིག་ཡོདཔ་ཨིན་ན? དྲུང་ཆེན་?,མི་འབུམ་ལྔ་དང་གཅིག་,"མི་གྲངས་ ༥༣,༠༦,༠༤༠","མི་གྲངས་༥༥,༢༠,༤༣༤",མི་འབུམ་༦༠,b
jsc-math-8-77,ཆུ་རྐ་འདི་ རིང་ཚད་མི་ཊར་༣ དང་ ཞེང་ཚད་མི་ཊར་༢ དེ་ལས་ མཐོ་ཚད་མི་ཊར་༡ ཨིན་པ་ཅིན་ ཆུ་རྐ་འདི་ནང་ལུ་ ཆུ་ལི་ཊར་ག་དེ་ཅིག་བཞག་ཚུགས་ནི་ཨིན་ན?,5,7,11,13,c
jsc-math-8-78,ཧེ་ཀཱཊོ་ཟེར་མི་འདི་ གིརིག་གི་སྐད་ནང་ལུ་འབད་བ་ཅིན་,1,2,25,75,b
jsc-math-8-79,x - \frac{1}{x} = 5 ཨིན་པ་ཅིན་ \left (s + \frac{1}{x} \right) གི་གནས་གོང་འདི་ ག་དེ་ཅིག་ཨིན་ན?,\frac{a + 1}{a + 5} འདི་ཡང་ སྦྲེལ་རྟགས་ཨིན་,\frac{a + 3}{a + 5} འདི་ཡང་ སྦྲེལ་རྟགས་ཨིན་,\frac{a - 1}{a - 5}ལུ་ བསྒྱུར་བཅོས་འབདཝ་ཨིན།,\frac{a + 3}{a - 5}ལུ་ བསྒྱུར་བཅོས་འབདཝ་ཨིན།,a
jsc-math-8-80,4x - 3འདི་ 5ཨིནམ་དང་ 64x^3 - 27 - 180x འདི་ག་དེམ་ཅིག་ཡོདཔ་ཨིན་ན?,\frac{2x + y}{y} དེ་ ཨེ་རེ་ལུ་གཞི་བསྟུན་འབདཝ་ཨིན།,\frac{2x + 1}{y}ལུ་ བསྒྱུར་བཅོས་འབདཝ་ཨིན།,\frac{2x + 1}{2y} འདི་ཨིན་པས,\frac{2xy + 1}{y} དེ་ ཨེ་རེ་ལུ་གཞི་བསྟུན་འབདཝ་ཨིན།,b
jsc-math-8-81,a^{2} - 2ab + 2b - 1 གི་ཐོན་ཁུངས་ཨིན།,i དང་ ii,ii དང་ iii,i དང་ iii,"i, ii དང་ iii ཚུ་ཨིན།",a
jsc-math-8-83,,10.5,12.5,13.6,14.6,d
jsc-math-8-84,"མཐུན་ལམ་འདི་ ག་བཟུམ་ཅིག་ཡོདཔ་ཨིན་ན?""",11.5,14.5,16,18,c
jsc-math-8-86,i. རྣལ་འབྱོར་གཉིས་ཆ་ར་ གཅིག་ཁར་འདྲན་འདྲ་ཨིན།,i དང་ ii,i དང་ iii,ii དང་ iii,"i, ii དང་ iii ཚུ་ཨིན།",a
jsc-math-8-87,༢། ཟུར་ཐིག་གཉིས་ཆ་ར་ འདྲ་མཉམ་ཨིན།,8%,10%,20%,30%,c
jsc-math-8-88,གསུམ་པ་ རྣལ་རིག་གཉིས་ཆ་ར་གིས་ ཕྲ་རིང་འདི་གཉིས་ཆ་ར་ལུ་ དབྱེ་ཞིབ་འབདཝ་ཨིན།,"དངུལ་ཀྲམ་༢,༤༠༠","དངུལ་ཀྲམ་ ༡༠,༠༠༠","དངུལ་ཀྲམ་༡༠,༤༠༠","དངུལ་ཀྲམ་ ༡༢,༤༠༠",a
jsc-math-8-89,འོག་ལུ་ཡོད་མི་ལས་ ག་འདི་བདེན་པ་ཨིན་ན་ཟེར་བ་ཅིན་,ལོ་ངོ་༢,ལོ་༣,ལོ་ངོ་༥,ལོ་ངོ་༦,b
jsc-math-8-90,ཕྲ་རིང་གི་དབྱིབས་འདི་ སེན་ཊི་མི་ཊར་༥ དང་ ས་སྒོ་འདི་ སེན་ཊི་མི་ཊར་༤༠ ཨིན། མི་དབང་མཆོག་གིས་ འ་ནི་གཟུགས་བརྙན་གཉིས་ཆ་རང་གི་ གྱངས་ཁ་འདི་ག་དེམ་ཅིག་ཨིན་ན?,དངུལ་ཀྲམ་ ༡༠༠,དངུལ་ཀྲམ་༡༢༠,དངུལ་ཀྲམ་༤༠༠,དངུལ་ཀྲམ་ ༤༦༠,c
jsc-math-8-91,"ལྕང་ལཱ་གི་ཚད་གཞི་ ༡༢. མི་དབང་མཆོག་གིས་ སྦུག་ཚད་ཀྱི་མཐའ་འཁོར་འདི་ག་དེམ་ཅིག་ཡོདཔ་ཨིན་ན? (\pi = ༣,༡༤)",དངུལ་ཀྲམ་༥༡༢.༥,དངུལ་ཀྲམ་ ༥༡.༢༥,༥༠.༧༥ ཨིན་པས།,ལྔ་བརྒྱ་དང་༢༥།,b
jsc-math-8-92,ཌེལ་ཊ་ PQR འདི་ ཌེལ་ཊ་ PQR ནང་ལུ་ ཌེལ་ཊ་ PQR འདི་ ཌེལ་ཊ་ PQR འདི་ ཌེལ་ཊ་ PQR ནང་ལུ་,རྒྱང་ཚད་ཀི་ལོ་མི་ཊར་༦༢,༦༡.༡་གི་ས་ཐག་རིང་ཐུང་,རྒྱང་རིང་དེ་ ༡.༦༡ ཨིན།,རྒྱང་འབུམ་ ༦༢,d
jsc-math-8-93,i. ཕྲ་རིང་ PQ,འདི་ ༢༧ འབད་མི་གཅིག་ཨིན། མི་དབང་མཆོག་གིས་,ཁོ་གིས་ལོ་༡༨ ལང་ནུག མི་དབང་མཆོག་གིས་,འདི་ ༩ འབད་མི་གཅིག་ཨིན། མི་དབང་མཆོག་གིས་,ཟངས་ཀྱི་ལྗིད་ཚད་དེ་ དྲུག་ཨིན། མི་དབང་མཆོག་གིས་,a
jsc-math-8-94,༢། ས་སྒོ་ = \frac{1}{2} PR \times QR,ལི་ཊར་༦,ལི་ཊར་༦༠,ལི་ཊར་༦༠༠།,ལི་ཊར་༦༠༠༠།,d
jsc-math-8-95,གསུམ་པ་ PR^{2} = PQ^{2} - QR^{2} འདི་ ཀེར་ཐིག་གཉིས་པ་ལུ་གཞི་བསྟུན་འབདཝ་ཨིན།,ཐེངས་ ༡༠༠,ཐེངས་ ༡༠,བརྒྱ་ཆ་བཅུ་ཐམ་,བརྒྱ་ཆ་,a
jsc-math-8-96,འོག་ལུ་ཡོད་མི་ལས་ ག་འདི་བདེན་པ་ཨིན་ན་ཟེར་བ་ཅིན་,\sqrt{21} འདི་ནང་ལུ་,\sqrt{23} འདི་ཡང་ ཌའི་ལོག་གི་ས་སྒོ་འདི་ཨིན།,\sqrt{27}འདི་ནང་ལུ་,\sqrt{29}འདི་ནང་ལུ་,d
jsc-math-8-97,"25, 15, 19, 23, 30, 12, 27, 35, 17, 21

ཨང་གྲངས་ཚུ་ག་ཏེ་ལུ་ཡོདཔ་ཨིན་ན?",25,125,140,305,b
jsc-math-8-98,"25, 15, 19, 23, 30, 12, 27, 35, 17, 21

གནས་སྡུད་འདི་ག་དེ་ཅིག་ལུ་ཁྱབ་སྟེ་ཡོདཔ་ཨིན་ན?",(a+1) དེ་ཨིན་མེན་ན།,(a - 1) འདི་ལུ་བལྟ་བ་ཅིན་,(a - 2b) གིས་འབད་ཡོདཔ་ཨིན།,(a + 2b) འདི་ཡང་,b
jsc-math-8-99,འགོ་དང་པ་རང་ རྣམ་རྟོག་ཨང་གྲངས་༦ ཡོད་པ་ཅིན་ ཨང་གྲངས་འདི་ག་དེམ་ཅིག་འོང་ནི་ཨིན་ན?,i དང་ ii,i དང་ iii,ii དང་ iii,"i, ii དང་ iii ཚུ་ཨིན།",d
jsc-math-8-100,འོག་ལུ་ཡོད་མི་ ཕི་བོ་ན་ཀི་ཨང་གྲངས་ཀྱི་རྣམ་པ་འདི་ག་འདི་ཨིན་ན?,\frac{5a}{a - 5} འདི་ཨིན་པ་ཅིན་,\frac{2a^{2} - 5}{a^{2} - 25} འདི་ཡང་ ཕྲང་ཕྲང་ཨིན་,\frac{2a^{2} - 5}{a^{2} + 25} འདི་ཡང་ སྦྲེལ་རྟགས་ཨིན་,\frac{5a}{a^{2} - ༢༥་གི་རྩིས་སྟོནམ་ཨིན།,d
jsc-math-8-101,རང་བཞིན་གྱི་ཨང་གྲངས་ནང་ལུ་,x - y = ༠ ཨིན་ན།,2x - 3y = ༠ ཨིན་པས།,x = \frac{1}{y} ཨིན།,༢་x+༣་y =༥,b
jsc-math-8-102,i. 5a + 2 འདི་ ཟུར་རྟགས་ཀྱི་གནས་རིམ་བདུན་པ་ཨིན་པའི་གནས་རིམ་༣༧ ཨིན།,3,5,7,9,c
jsc-math-8-103,"༢། 8, 13, 18, ... ... ༢༨་གི་ ༥་པ་",5,2,-2,-5,a
jsc-math-8-104,གསུམ་པ་ ཀ^2 - ༡ གི་གནས་རིམ་ ༡༠ པའི་ནང་ ༨༠,དང་པ་,གཉིས་པ་,གསུམ་པ་,བཞི་པ་,d
jsc-math-8-105,འོག་ལུ་ཡོད་མི་ལས་ ག་འདི་བདེན་པ་ཨིན་ན་ཟེར་བ་ཅིན་,4,5,6,7,b
jsc-math-8-106,"ལོ་བསྟར་གྱི་ཁེ་སང་བརྒྱ་ཆ་ ༦.༠༦ ལུ་ དངུལ་ཀྲམ་ ༦,༠༠༠ གིས་ ལོ་གཅིག་ནང་ ཁེ་སང་ག་དེམ་ཅིག་ བཟོཝ་ཨིན་ན?","{5, 7}","{5, 9}","{7, 9}","{3, 9}",a
jsc-math-8-107,ལྡེ་མིག་ ༣༥༠ གི་ ༣% འདི་ག་དེ་ཨིན་ན?,i དང་ ii,i དང་ iii,ii དང་ iii,"i, ii དང་ iii ཚུ་ཨིན།",c
jsc-math-8-108,ལོ་རེ་ནང་ འོང་འབབ་བརྒྱ་ཆ་༡༢.༨༠༠ བཟོ་ཚུགས་པ་ཅིན་ ལོ་༢ ཀྱི་ནང་འཁོད་ལུ་ འོང་འབབ་ག་དེམ་ཅིག་ བཟོ་ཚུགས་ནི་ཨིན་ན?,ལྕང་ལཱ་གི་ཚད་གཞི་དེ་ ༨ ཨིན་པས། མི་དབང་མཆོག་གིས་,ལྕང་ལཱ་གི་ཚད་དེ་ ༡༣ ཨིན། མི་དབང་མཆོག་གིས་,དྲོ་པ་ཆུ་ཚོད་ ༡༦།༠༠ མི་དབང་མཆོག་གིས་,ལྕང་ལཱ་གི་ཚད་གཞི་དེ་ ༢༡ ཨིན་པས། མི་དབང་མཆོག་གིས་,c
jsc-math-8-109,དྲུག་ཨིན། མི་དབང་མཆོག་གིས་ ཕྲང་དཀྱིལ་འཁོར་གྱི་ཁྱབ་ཚད་ག་དེམ་ཅིག་ཡོདཔ་ཨིན་ན?,༡༨.༨༤ སེན་ཊི་མི་ཊར་,༣༧.༦༨སི་མི་ཊར་,༡༡༣.༧༦སི་མི་ཊར་,༤༥༢.༡༦cm,b
jsc-math-8-110,ལྡུམ་ར་གྲུ་བཞི་གི་རྒྱ་ཚད་དེ་ ༢༢༥ ཨིན།,i དང་ ii,i དང་ iii,ii དང་ iii,"i, ii དང་ iii ཚུ་ཨིན།",d
jsc-math-8-111,ལྡུམ་ར་འདི་ག་དེམ་ཅིག་སྦོམ་ཡོདཔ་སྨོ་ཟེར་,22,23,26,30,a
jsc-math-8-112,ལྡུམ་ར་གྲུ་བཞི་གི་རྒྱ་ཚད་དེ་ ༢༢༥ ཨིན།,12,13,23,24,d
jsc-math-8-113,ལྡུམ་ར་གི་ཟུར་གྱི་རིང་ཚད་ག་དེམ་ཅིག་ཡོདཔ་སྨོ་ཟེར་,42,36,30,25,b
jsc-math-8-114,a+b=5 དང་ a-b=2ཨིན་པ་ཅིན་ a^2+b^2གི་གནས་གོང་འདི་ག་དེམ་ཅིག་འོང་ནི་སྨོ་,"0, 2, 2, 4, 6","0, 1, 1, 3, 5","0, 1, 1, 2, 4","0, 1, 2, 3, 4",a
jsc-math-8-115,x^{2} - 4x - 1 = 0 ཨིན་པ་ཅིན་ \left (x - \frac{1}{x} \right ) ^{2} གི་གནས་གོང་དེ་ག་དེམ་ཅིག་འོང་ནི་སྨོ་ x \neq དེ་ ༠ ཨིནམ་ད་,i དང་ ii,i དང་ iii,ii དང་ iii,"i, ii དང་ iii ཚུ་ཨིན།",a
jsc-math-8-116,ཧེ་ཊར་ ༡༠ འདི་ག་བཟུམ་ཅིག་ཨིན་ན?,དངུལ་ཀྲམ་༣༦,དངུལ་ཀྲམ་༩༠,དངུལ་ཀྲམ་ ༡༨༠,དངུལ་ཀྲམ་༣༦༠།,d
jsc-math-8-117,\sqrt{2}གི་རྒྱ་ཚད་ག་དེམ་ཅིག་ཡོདཔ་ཨིན་ན?,དངུལ་ཀྲམ་༡.༠༥,དངུལ་ཀྲམ་ ༡༠.༥༠,དངུལ་ཀྲམ་༣༥,དངུལ་ཀྲམ་ ༡༠༥,b
jsc-math-8-118,"x+1, x^{2} - 1 དང་ x^{3} - 1 ཚུ་ ཨེལ་ཇི་བེ་རི་གི་སྐར་མ་ཚུ་ཨིན། སེངྒེ་ ག་དེ་ཅིག་ཨིན་ན།",དངུལ་ཀྲམ་༡༩༢༠,དངུལ་ཀྲམ་༢༠༣༥.༢༠,"དངུལ་ཀྲམ་ ༩,༩༢༠",དངུལ་ཀྲམ་༡༠༠༣༥.༢༠,b
jsc-math-8-119,\frac{a^{2} + 2a + 1}{a^{2} - 2a + 1} \div \frac{a + 1}{a - 1} གི་གནས་གོང་འདི་ག་བཟུམ་ཅིག་ཨིན་ན?,pi གི་གྲུ་བཞི་ལུ་ 6 བཏུབ་ཨིན། མི་དབང་མཆོག་གིས་,9\pi གི་གྲུ་བཞི་ཨིན་ མི་དབང་མཆོག་གིས་,pi གི་གྲུ་བཞི་འདི་ 12 ཨིན། མི་དབང་མཆོག་གིས་,36\pi གི་གྲུ་བཞི་ཨིན། མི་དབང་མཆོག་གིས་,b
jsc-math-8-120,"(-༡,༢) འདི་ག་ཏེ་ལུ་ཡོདཔ་ཨིན་ན?",མི་ཊར་ ༡༥,མི་ཊར་༣༠,མི་ཊར་ ༤༥,མི་ཊར་༦༠།,d
jsc-math-8-121,"b = {a, b, c, d}ཨིན་པ་ཅིན་ B གི་སྡེ་ཚན་ག་དེ་ཅིག་ཡོདཔ་ཨིན་ན?",མི་ཊར་༢༡.༢༡,མི་ཊར་ ༢༥.༩༨,མི་ཊར་༣༠,མི་ཊར་ ༤༥,a
jsc-math-8-122,3x + 5y = 10 དང་ x - 2y = 3 ཨིན་པ་ཅིན་ \frac{x}{y}གི་གནས་གོང་འདི་ག་ཅི་ཨིན་ན?,\frac{21}{2}ལུ་ བཀྲམ་སྟོན་འབདཝ་ཨིན།,\frac{29}{2}ལུ་ བཀྲམ་སྟོན་འབདཝ་ཨིན།,21,29,b
jsc-math-8-123,ཨ་པ་དང་ཨའི་གཉིས་ཆ་ར་ ལོ་ངོ་༧༠ དང་༤༠ གི་ནང་འཁོད་ལུ་ སྡོད་དོ་ཡོདཔ་ཨིན་པས། ལོ་ངོ་༡༠ གི་ཧེ་མ་འབད་བ་ཅིན་ བུ་དང་ཨ་པ་གི་བར་ན་ སྐུགས་ཚད་ག་དེམ་ཅིག་ཡོདཔ་ཨིན་ན?,-4,-1,4,16,d
jsc-math-8-124,སྦུག་གི་ལྟག་ལུ་ཡོད་པའི་ ཟུར་ཐིག་འདི་ ཇི་ཇི་ག་ཨིནམ་སྦེ་མཐོང་ཚུགས་ག་?,ས་ཆ་ཨེ་ཀར་༢.༤༧,ས་ཆ་ཨེ་ཀར་༢༤.༧,ཨེ་ཀར་༢༤༧,ཨེ་ཀར་༢༤༧༠,b
jsc-math-8-125,"གྱངས་ཁ་ 8, 7, 9, 8, 7, 9, 6, 7, 8, 6, 7, 8, 9, 8 འདི་ཚུ་གྱངས་ཁ་ག་དེ་ཅིག་ལས་མང་བ་འཐོན་ནི་ཨིན་ན?",2^{\frac{1}{3}}ལུ་ བསྒྱུར་བཅོས་འབདཝ་ཨིན།,2\sqrt{2} དེ་ཚུ་,3\sqrt{2} དེ་ཚུ་,8,b
jsc-math-8-126,x^{2} - x - 6 གི་ཐོན་རིམ་འདི་ག་བཟུམ་ཅིག་ཡོདཔ་ཨིན་ན?,x དེ་ ནུས་མེད་ཨིན།,x+1 དེ་ཨིན་མེན་ན།,(x+1) དང་ (x^{3} - ༡ གི་བར་ན་,1,d
jsc-math-8-127,x + \frac{1}{x} = \sqrt{6}ཨིན་པ་ཅིན་ \left (x - \frac{1}{x} \right ) ^{2}གི་གནས་གོང་འདི་ག་ཅི་ཨིན་ན?,\frac{a + 1}{a^{2} - 1} འདི་ཡང་ སྦྲེལ་རྟགས་ཨིན་,\frac{a^{2} - 1}{a + 1} འདི་ཨིན་པ་ཅིན་,\frac{a - 1}{a + 1} འདི་ཨིན་པ་ཅིན་,\frac{a + 1}{a - 1}ལུ་ བསྒྱུར་བཅོས་འབདཝ་ཨིན།,d
jsc-math-8-128,x+y=3 དང་ x-y=-1 འདི་ཨིན།,༡་,༢་,༣་,བཞི་པ་,b
jsc-math-8-129,"b = {a, b, c, d}ཨིན་པ་ཅིན་ B གི་སྡེ་ཚན་ག་དེ་ཅིག་ཡོདཔ་ཨིན་ན?",4,8,15,16,d
jsc-math-8-130,3x + 5y = 10 དང་ x - 2y = 3 ཨིན་པ་ཅིན་ \frac{x}{y}གི་གནས་གོང་འདི་ག་ཅི་ཨིན་ན?,\frac{1}{70}ལུ་ བསྒྱུར་བཅོས་འབད་ཚུགས།,\frac{1}{35}ལུ་ བསྒྱུར་བཅོས་འབདཝ་ཨིན།,35,70,c
jsc-math-8-131,ཨ་པ་དང་ཨའི་གཉིས་ཆ་ར་ ལོ་ངོ་༧༠ དང་༤༠ གི་ནང་འཁོད་ལུ་ སྡོད་དོ་ཡོདཔ་ཨིན་པས། ལོ་ངོ་༡༠ གི་ཧེ་མ་འབད་བ་ཅིན་ བུ་དང་ཨ་པ་གི་བར་ན་ སྐུགས་ཚད་ག་དེམ་ཅིག་ཡོདཔ་ཨིན་ན?,5:08,2:01,8:05,1:02,b
jsc-math-8-132,སྦུག་གི་ལྟག་ལུ་ཡོད་པའི་ ཟུར་ཐིག་འདི་ ཇི་ཇི་ག་ཨིནམ་སྦེ་མཐོང་ཚུགས་ག་?,༩༠་\degrees,༡༨༠་\degree,༢༧༠་\degree,༣༦༠་\degree,d
jsc-math-8-133,"གྱངས་ཁ་ 8, 7, 9, 8, 7, 9, 6, 7, 8, 6, 7, 8, 9, 8 འདི་ཚུ་གྱངས་ཁ་ག་དེ་ཅིག་ལས་མང་བ་འཐོན་ནི་ཨིན་ན?",6,7,8,9,c
jsc-math-8-134,x^{2} - x - 6 གི་ཐོན་རིམ་འདི་ག་བཟུམ་ཅིག་ཡོདཔ་ཨིན་ན?,(x + 3) (x - 2) འདི་ཡང་ (x + 3) འདི་ཡང་ (x - 2),(x - 6) འདི་ (x + 1),(x+6) (x-1) འདི་ཡང་ ནུས་མེད་ཨིན།,(x - 3) (x + 2) འདི་ཡང་ (x - 3),d
jsc-math-8-135,x + \frac{1}{x} = \sqrt{6}ཨིན་པ་ཅིན་ \left (x - \frac{1}{x} \right ) ^{2}གི་གནས་གོང་འདི་ག་ཅི་ཨིན་ན?,2,4,32,40,a
jsc-math-8-136,x+y = 3 དང་ x-y = - 1 ཨིན་པ་ཅིན་ xy གི་གནས་གོང་འདི་ག་དེམ་ཅིག་ཡོདཔ་ཨིན་ན?,-1,-2,2,4,c
jsc-math-8-137,"A = {1, 2}, B = {2, 3}, C = {1, 5, 6}ཨིན་པ་ཅིན་ C \cap (A \cup B) = ?",{1},"{1, 2, 3, 5, 6}","{1, 2, 3}",{ },a
jsc-math-8-138,\frac{1 - x^{2}}{b + b^{2}} \times \frac{1 - b^{2}}{1 + x} འདི་ག་དེམ་ཅིག་ཡོདཔ་ཨིན་ན?,\frac{(1 + x) (1 - b)}{b} འདི་ཨིན་མེན་ན་,\frac{(1 - x) (1 + b)}{b} འདི་ཡང་ བརྒྱ་ཆ་ ༡ ལས་ ༡ གི་རྩིས་གཞི་ཨིན།,\frac{(1 - x) (1 - b)}{b} འདི་ཨིན་མེན་ན་,\frac{(1+x) (1+b)}{b} འདི་ཡང་ སྦྲགས་སྦྲགས་འབད་བཏུབ་ཨིན།,c
jsc-math-8-139,སློབ་ཚན་ཅིག་ནང་ བརྒྱ་ཆ་༧༠ གིས་ བིང་ལའི་སྐད་ལུ་དགའ་དོ་ཡོདཔ་ད་ བརྒྱ་ཆ་༥༧ གིས་ ཨིང་ལིཤ་ལུ་དགའ་དོ་ཡོདཔ་ད་ བརྒྱ་ཆ་༥༠ གིས་ དབྱེ་ཚན་གཉིས་ཆ་ར་ལུ་དགའ་དོ་ཡོདཔ་ཨིན་པས། སློབ་ཕྲུག་ག་དེ་ཅིག་གིས་ ཆོས་ཚན་གཉིས་ཆ་ར་ལུ་ མ་དགའཝ་ཡོདཔ་ཨིན་ན?,20%,23%,77%,177%,b
jsc-math-8-140,"(2a, - 5) འདི་ཨིན་པ་ཅིན་ a > 0 འདི་ ཀེར་ཐིག་ག་ཏེ་ལུ་ཡོདཔ་ཨིན་ན?",དང་པ་,གཉིས་པ་,གསུམ་པ་,བཞི་པ་,d
jsc-math-8-141,འོག་གི་གྲལ་ལས་ ག་འདི་དྭངས་གསལ་གྱི་མཉམ་པ་སྦེ་སྟོན་ནི་ཨིན་ན?,x^{2} + 2y + 5 འདི་ ༠ ཨིན།,x+2y^{2}+5 འདི་ ༠ ཨིན་པས།,x+2y+5 འདི་ ༠ ཨིན།,x+y+5 = ༠ དེ་ ༠ ཨིན།,c
jsc-math-8-142,"18x^{3}y^{2}, 27x^{2}y, 45xy^{3}གི་ ཀི་ལོ་མི་ཊར་འདི་ཨིན། སེངྒེ་ ག་དེ་ཅིག་ཨིན་ན།",༩x^{2}y^{2} འདི་ལུ་ y^{2} སྦེ་བཙུགས་པ་ཅིན་,9xy^{2} འདི་ཡང་ 9xy^{2} ཨིན།,9x^{2}y འདི་ཡང་,༩་ཀི་སི་,d
jsc-math-8-143,2x^{2} + 7x - 4 གི་ཐོན་རིམ་འདི་ག་ཅི་ཨིན་ན་?,(2x - 1) (x - 4) འདི་ལུ་བལྟ་བ་ཅིན་,(2x + 1) (x - 4) འདི་ཡང་ 2x + 1 ཨིན།,(2x - 1) (x + 4) འདི་ཡང་ 2x གི་རྩིས་གཞི་ཨིན།,(2x+1) (x+4) འདི་ཡང་ བསྒྱུར་བཅོས་འབདཝ་ཨིན།,c
jsc-math-8-144,"35, 42, 43, 42, 48, 55, 56, 55, 58, 52

ད་ཨང་གྲངས་ཚུ་ག་དེ་ཅིག་ཡོདཔ་ཨིན་ན་?
35, 42, 43, 42, 48, 55, 56, 55, 58, 52",42,47,48,49,c
jsc-math-8-145,,42,47,48,49,c
jsc-math-8-146,ད་ཨང་གྲངས་ཚུ་ག་དེ་ཅིག་ཡོདཔ་ཨིན་ན་?,300,325,625,650,b
jsc-math-8-147,1 + 2 + 3 + ...... ༢༥་དང་གཅིག་ཁར་ ག་དེ་མང་བ་འཐོན་འོང་ག་,\frac{6}{25}ལུ་ བསྒྱུར་བཅོས་འབདཝ་ཨིན།,\frac{4}{25} ནང་ལུ་,\frac{12}{25}ལུ་ བཀྲམ་སྟོན་འབདཝ་ཨིན།,\frac{3}{25}ལུ་ བསྒྱུར་བཅོས་འབདཝ་ཨིན།,a
jsc-math-8-148,༢༤% འདི་ག་དེམ་ཅིག་སྨོ་,\frac{(2x + y) ^{2}}{4xy} དེ་ ཨེ་རེ་ལུ་གཞི་བསྟུན་འབདཝ་ཨིན།,\frac{4x^{2} - y^{2}}{4x^{2} y^{2}} འདི་ཡང་ སྦྲགས་སྦྲགས་འབད་འབདཝ་ཨིན།,\frac{2x + y}{2x - y} དེ་ ཨེ་རེ་ལུ་གཞི་བསྟུན་འབདཝ་ཨིན།,\frac{(2x + y) ^{2}}{4x^{2}y^{2}} འདི་ཡང་ སྦྲགས་སྦྲགས་འབད་བཏུབ་ཨིན།,c
jsc-math-8-149,\frac{1}{2x} + \frac{1}{y} \right) \div \left (\frac{1}{y} - \frac{1}{2x} \right ) གི་ཐད་ཀར་གནས་གོང་འདི་ ག་འདི་ཨིན་ན་?,{1},"{1, 2, 3, 5, 6}","{1, 2, 3}",{ },a
jsc-math-8-150,"A = {1, 2}, B = {2, 3}, C = {1, 5, 6}ཨིན་པ་ཅིན་ C \cap (A \cup B) = ?",18,36,24,0,a
jsc-math-8-151,a + \frac{1}{a} = 3 ཨིན་པ་ཅིན་,\frac{x + 7}{x - 4} འདི་ཨིན་མེན་ན་,\frac{x - 2}{x + 7} འདི་ཨིན་པས,\frac{x + 2}{x - 4}ལུ་ བསྒྱུར་འབདཝ་ཨིན།,\frac{x - 2}{x - 4}ལུ་ བསྒྱུར་བཅོས་འབདཝ་ཨིན།,d
jsc-math-8-152,,ཆུ་ཚོད་ ༣༢༠༠༠། མོ་གིས་འབད་ནུག མི་དབང་མཆོག་གིས་,དུས་ཡུན་ཆུ་ཚོད་ ༣༢༠༠༠༠༠ མོ་གིས་འབད་ནུག མི་དབང་མཆོག་གིས་,ཆུ་ཚོད་འབུམ་༣༢ མོ་གིས་འབད་ནུག མི་དབང་མཆོག་གིས་,"ཚོད་རྩིས་ནང་འབད་བ་ཅིན་ དུས་ཡུན་ཆུ་ཚོད་ ༣༢༠༠,༠༠༠ ཨིན་པས། མོ་གིས་འབད་ནུག མི་དབང་མཆོག་གིས་",c
jsc-math-8-153,a^{3} + \frac{1}{a^{3}} འདི་ཚུ་ག་བཟུམ་ཅིག་ཨིན་ན?,105,175,375,2625,d
jsc-math-8-154,\frac{x^{2} + 5x - 14}{x^{2} + 3x - 28} གི་གནས་གོང་ཆུང་ཤོས་འདི་ག་དེ་ཅིག་ཨིན་ན?,ཨོམ་ < ཨོན་,ཨོམ་ = ཨཱན་,ཨོམ་ > ཨཱན་,AM = ལྕོགས་ཅན་ཨིན་,b
jsc-math-8-155,ཙེའུ་རེ་གི་རིང་ཚད་མི་ཊར་༤ དང་ ཞེང་ཚད་མི་ཊར་༣ ཨིན། ལྕང་ལཱ་གི་ཚད་གཞི་ 20. མི་དབང་མཆོག་གིས་ དེ་ལས་ མཐོ་ཚད་མི་ཊར་གཉིས་ཨིན། ༥༠ སིཊི་ མི་དབང་མཆོག་གིས་ ཧཱལཱལ་འདི་ག་ཏེ་ལུ་ཡོདཔ་ཨིན་ན?,༢༥ \ pi,༥༠\pi,༧༠\pi,༡༢༠\pi,d
jsc-math-8-156,"ལོ་བསྟར་བརྒྱ་ཆ་༡༥ གི་ ཁེ་སང་དངུལ་ཀྲམ་༢,༥༠༠ དེ་རེ་ འོང་འབབ་དངུལ་ཀྲམ་ག་དེམ་ཅིག་ཡོདཔ་ཨིན་ན?",ས་སྒོ་གྲུ་བཞི་ ༡༦༠༠,ས་ཁོངས་ཀྱི་རྒྱ་ཁྱོན་ ༡༣༣༧.༨,3200sq.yards གི་ས་སྒོ་ཨིན།,2672.8 གི་ས་སྒོ་ནང་ལུ་,c
jsc-math-8-157,"AB དང་ CD ཚུ་ O' ལྟེ་བ་ཡོད་པའི་འཁོར་ལོའི་ནང་ འདྲན་འདྲ་སྦེ་ཡོདཔ་ཨིན། OM \perp AB, ON \perp CD འདི་ཚུ་ག་དེ་ཅིག་ཨིན་ན།",i དང་ ii,i དང་ iii,ii དང་ iii,"i, ii དང་ iii ཚུ་ཨིན།",a
jsc-math-8-158,ཟུར་ཐིག་གི་འཁོར་ལོའི་དཀྱིལ་ཚད་དེ་ སེན་ཊི་མི་ཊར་༥ ཨིན། ལྗིད་ཚད་དེ་ སེན་ཊི་མི་ཊར་༧ ཨིན། མི་དབང་མཆོག་གིས་ ལྡེ་མིག་གི་ཁྱབ་ཚད་འདི་ག་དེམ་ཅིག་ཡོདཔ་ཨིན་ན?,མི་ཊར་༤༠།,40\sqrt{2}མི་ཊར་ཨིན།,མི་ཊར་༨༠།,80sqrt{2}མི་ཊར་ཨིན།,b
jsc-math-8-159,བི་གཱལ་ ༢་དེ་ག་ཅི་སྨོ?,i དང་ ii,i དང་ iii,ii དང་ iii,"i, ii དང་ iii ཚུ་ཨིན།",d
jsc-math-8-161,i. འདི་ཚུ་ ཕི་བོ་ན་ཀི་ཨང་གྲངས་ཨིན།,དུས་རྒྱུན་གྱི་,ཕི་བོ་ན་ཛི་,དབྱེ་བ་མ་ཕྱེ་,གཞི་རྟེན་ཚུ་,b
jsc-math-8-162,༢། ལྡུམ་ར་བདུན་པ་ གྱངས་ཁ་ ༨,དངུལ་ཀྲམ་༡༦༨༠།,དངུལ་ཀྲམ་ ༤༨༠,དངུལ་ཀྲམ་༡༢༠,དངུལ་ཀྲམ་ ༤༨,b
jsc-math-8-163,གསུམ་པ་ འགོ་དང་པ་གི་དོན་ཚན་༨ ཀྱི་བསྡོམས་འདི་ ༣༣ ཨིན།,"མི་༣,༠༠༠","མི་༣༠,༠༠༠",མི་ ༡༠༠༣༠༠༠,"མི་༡༠༣༠,༠༠༠",b
jsc-math-8-164,འོག་ལུ་ཡོད་མི་ལས་ ག་འདི་བདེན་པ་ཨིན་ན་ཟེར་བ་ཅིན་,མི་གྲངས་༡.༩༠༠.༠༠,མི་གྲངས་༡༠༩༢༧༧༢,མི་གྲངས་ ༡༠༩༢༧༢༠,མི་ ༡༠༩༢༧༢༧,d
jsc-math-8-165,ཨང་གྲངས་མཐའ་དག་གི་གཞི་རིམ་འདི་ ཨང་གྲངས་མཐའ་དག་གི་ཨང་གྲངས་མཐའ་དག་གི་གཞི་རིམ་ཨིན།,"{1, 2, 4}","{1, 4}","{1, 2}",{1},a
jsc-math-8-166,"0, 1, 1, 2, 3, 5, 8, 13, ... ... ཨང་གི་རྣམ་པ་ག་ཅི་བཟུམ་ཅིག་ཨིན་ན?",i དང་ ii,i དང་ iii,ii དང་ iii,"i, ii དང་ iii ཚུ་ཨིན།",a
jsc-math-8-167,"ལོ་བསྟར་བརྒྱ་ཆ་༡༠་གི་ཐད་ཁར་ ལོ་བསྟར་འབབ་དངུལ་ཀྲམ་༡,༢༠༠དེ་རེ་ འོང་འབབ་ཉུང་ཤོས་ལོ་༤་གི་ནང་འཁོད་ལུ་?",མི་ཊར་༤༠།,མི་ཊར་༦༤།,མི་ཊར་༨༠།,མི་ཊར་༩༦,c
jsc-math-8-168,"ད་རེས་ ཁྲོམ་གྱི་མི་རློབས་དེ་ ས་ཡ་༡ ཨིན་པས། ཁྲོམ་འདི་ནང་ལུ་ མི་རློབས་ཡར་སེང་འགྱོ་མི་འདི་ ༡,༠༠༠ ལུ་ ༣༠་ཨིན།",མི་ཊར་༩,མི་ཊར་ ༡༨།,མི་ཊར་ ༢༥,མི་ཊར་ ༣༦,b
jsc-math-8-169,,(x - 2y) འདི་ (2x - 3y),(x+2y) འདི་ (2x - 3y),(x - 2y) འདི་ (2x + 3y),(x+2y) འདི་ (2x+3y),a
jsc-math-8-170,ཁྲོམ་འདི་ལོ་གཅིག་ནང་ མི་རློབས་ག་དེམ་ཅིག་ ཡར་སེང་འགྱོ་ནི་ཨིན་ན?,i དང་ ii,i དང་ iii,ii དང་ iii,"i, ii དང་ iii ཚུ་ཨིན།",c
jsc-math-8-171,"ད་རེས་ ཁྲོམ་གྱི་མི་རློབས་དེ་ ས་ཡ་༡ ཨིན་པས། ཁྲོམ་འདི་ནང་ལུ་ མི་རློབས་ཡར་སེང་འགྱོ་མི་འདི་ ༡,༠༠༠ ལུ་ ༣༠་ཨིན།",\sqrt{6} འདི་ཡང་ ཌེཀསི་ཊོཔ་གི་མིང་ཨིན།,2\sqrt{2} དེ་ཚུ་,2\sqrt{3} དེ་ཚུ་,\sqrt{14} འདི་ནང་ལུ་,c
jsc-math-8-172,,1,4,8,17,d
jsc-math-8-173,"ལོ་༣ གྱི་ཤུལ་ལས་ ཁྲོམ་འདི་ནང་ མི་རློབས་ག་དེམ་ཅིག་ཡོདཔ་འོང་ག་?""",1,4,8,17,d
jsc-math-8-174,"U = {1, 2, 3, 4} དང་ A = {2, 3} དང་ B = {3, 4) ཨིན་པ་ཅིན་ (A \cap B) ' འདི་ཚུ་ག་འདི་ཨིན་ན་?",52,56,72,76,a
jsc-math-8-176,i. ལྡོག་ཕྱོགས་འགོ་ཁྲིདཔ་ སེངྒེ་ གུ་ = ༡༠xyz,\frac{x + 3}{x - 4}ལུ་ བསྒྱུར་འབདཝ་ཨིན།,\frac{x - 3}{x - 4}ལུ་ བསྒྱུར་བཅོས་འབདཝ་ཨིན།,\frac{x - 3}{x + 4} འདི་ཨིན་པས,\frac{x + 3}{x + 4} འདི་ཨིན་པས,d
jsc-math-8-177,༢། ལེན སེངྒེ་ གུ་འདི་ 60x^{4}y^{3}z^{3} ཨིན།,ཟླཝ་དང་པའི་ནང་,ཟླཝ་གཉིས་པའི་ནང་,ཟུར་ཐིག་ x འདི་ནང་,y གི་མཐའ་འཁོར་ལུ་ཡོདཔ་ཨིན།,c
jsc-math-8-178,"གསུམ་པ་ འདི་གི་འབྲས་བུ་འདི་ ༡,༥༠༠ x^{8}y^{6}z^{6}ཨིན།",i དང་ ii,i དང་ iii,ii དང་ iii,"i, ii དང་ iii ཚུ་ཨིན།",a
jsc-math-8-179,འོག་ལུ་ཡོད་མི་ལས་ ག་འདི་བདེན་པ་ཨིན་ན་ཟེར་བ་ཅིན་,༡ ཨིན་པས།,༢་ཨིན།,༣་ཨིན།,༤ ཡོདཔ་ཨིན།,b
jsc-math-8-180,x^{2} + \frac{1}{x^{2}} = ༡༠ ཨིན་པ་ཅིན་ x + \frac{1}{x} འདི་ག་དེམ་ཅིག་སྦེ་འོང་ནི་ཨིན་ན?,༡༢,༨,༦་ཨིན།,༤་ཊི་,a
jsc-math-8-182,,༩༠་\degrees,༡༨༠་\degree,༢༧༠་\degree,༣༦༠་\degree,d
jsc-math-8-183,x^{2}+y^{2}གི་གནས་གོང་འདི་ ག་བཟུམ་ཅིག་ཨིན་ན?,6,7,10,11,b
jsc-math-8-184,x+frac{1}{x} = 4 ཨིན་པ་ཅིན་ x^3+frac{1}{x^3}} འདི་ག་དེམ་ཅིག་འོང་ནི་ཨིན་ན?,41,45,47,49,d
jsc-math-8-185,(x - 11) དང་ (x + 5) གི་གྱངས་ཁ་འདི་ག་འདི་ཨིན་ན?,7,15,17,24,b
jsc-math-8-186,\frac{x^{2} - x - 12}{x^{2} - 16}གི་ཆུང་ཤོས་ཨང་གྲངས་འདི་ག་འདི་སྨོ་,ཁེ་སང་བརྒྱ་ཆ་༥༠,གནོད་སྐྱོན་བརྒྱ་ཆ་༥༠,འོང་འབབ་བརྒྱ་ཆ་༣༣,%༣༣་གི་གྱངས་ཁ་ལུ་ རྒུད་ཕོག་ཡོདཔ་ཨིན།,a
jsc-math-8-187,"(-༢,༠) འདི་ག་ཏེ་ཡོདཔ་ཨིན་ན?",ལོ་ངོ་༢,ལོ་ངོ་༤ གི་རིང་ལུ་,ལོ་ངོ་༦,ལོ་ངོ་༨,b
jsc-math-8-189,i. ལོ་གཅིག་གི་ནང་འཁོད་ལུ་ ཁེ་སང་དངུལ་ཀྲམ་༣༠༠,"ཨེ་ཀར་༡,༢༠༠",༡༢ ཨེ་རེ་,༡.༢ ཨེ་རི་,༠.༡༢ ཨེ་ར་ཨིན།,b
jsc-math-8-190,"༢། ལོ་༣ གྱི་ནང་འཁོད་ལུ་ ཁེ་སང་དངུལ་ཀྲམ་༥,༩༠༠ བཟོ་ཚུགས་ནི་ཨིན་མས།",ཟུར་ཐིག་༣༢༥,རྩི་ས་གྲུ་བཞི་༣༧༥,875sq.m དེ་ཅིག་གི་ས་ཁར་,ས་སྒོ་གྲུ་བཞི་ མི་ཊར་༡༥༧༥,b
jsc-math-8-191,གསུམ་པ་ ལོ་ངོ་༥ གི་ནང་འཁོད་ལུ་ འོང་འབབ་འདི་ ངོ་མ་གི་དངུལ་ཀྲམ་ \frac{3}{5}གྱངས་ཁ་ལུ་འགྱུར་འོང་།,2,3,4,5,c
jsc-math-8-192,འོག་ལུ་ཡོད་མི་ལས་ ག་འདི་བདེན་པ་ཨིན་ན་ཟེར་བ་ཅིན་,0.16,0.32,6.45,12.9,d
jsc-math-8-193,"གྲུ་བཞི་གི་ལྡུམ་ར་འདི་ རིང་ཚད་མི་ཊར་༤༠ དང་ ཞེང་ཚད་མི་ཊར་༣༠ ཨིན། བྱག་དེ་གི་ཕྱི་ཁར་ལུ་ འཁོར་ལམ་གྱི་རྒྱ་ཚད་མི་ཊར་༢.༥ ཡོདཔ་ཨིན་པས།
ལྡུམ་ར་འདི་ རྒྱ་ཚད་ག་དེམ་ཅིག་ཡོདཔ་སྨོ་ཟེར་
གྲུ་བཞི་གི་ལྡུམ་ར་འདི་ རིང་ཚད་མི་ཊར་༤༠ དང་ ཞེང་ཚད་མི་ཊར་༣༠ ཨིན། བྱག་དེ་གི་ཕྱི་ཁར་ལུ་ འཁོར་ལམ་གྱི་རྒྱ་ཚད་མི་ཊར་༢.༥ ཡོདཔ་ཨིན་པས།",67,40,31,13,c
jsc-math-8-194,ལམ་གྱི་རྒྱ་ཚད་ག་དེམ་ཅིག་ཡོདཔ་སྨོ་ཟེར་,(2y - 5) དང་ (y + 2),(2y + 5) དང་ (y - 1),(2y + 5) དང་ (y - 2),(y+5) དང་ (y-2 - 1) གི་བར་ན་,c
jsc-math-8-195,༡ ལས་ ༡༠ ཚུན་གྱི་གྱངས་ཁ་འདི་ ༢ གི་གྲུ་བཞི་གི་བསྡོམས་ཨིནམ་སྦེ་སྟོན་ཚུགས་ག?,20,18,14,12,a
jsc-math-8-196,སེན་ཊི་མི་ཊར་གྲུ་བཞི་ག་དེ་ཅིག་ཨིན་ན།,-2,2,4,6,b
jsc-math-8-197,p + q = 7 དང་ pq = 9 ཨིན་པ་ཅིན་ p^{2} + q^{2} གི་གནས་གོང་དེ་ག་དེམ་ཅིག་འོང་ནི་ཨིན་ན?,i དང་ ii,i དང་ iii,ii དང་ iii,"i, ii དང་ iii ཚུ་ཨིན།",a
jsc-math-8-198,y^2 + y - ༡༠ གི་འབྲས་བུ་འདི་ག་ལུ་དབྱེ་བ་ཕྱེ་ནི་སྨོ་,1,x - ༢ དེ་ ༢ ཨིན།,x^{2}y (x - 2) གི་གནས་གོང་འདི་ཨིན།,x^{2}y(x^{2} - ༤ གི་རྩིས་གཞི་འདི་ཨིན།,b
jsc-math-8-199,m - \frac{1}{m} = 4 ཨིན་པ་ཅིན་ \left (m + \frac{1}{m} \right) གི་གནས་གོང་དེ་ག་དེམ་ཅིག་འོང་ནི་ཨིན་ན?,"(3, 2)","(2, 3)","(- 3, 2)","(- 2, 3)",b
jsc-math-8-200,p^{3} - q^{3} = ༤༥ p - q = ༣ ཨིན་པ་ཅིན་ pq འདི་ག་དེམ་ཅིག་འོང་ནི་ཨིན་ན?,༡་,༢་,༣་,བཞི་པ་,b
jsc-math-8-201,\frac{m^{2} + 6m + 5}{m^{2} + འདི་ཡང་ སྦྲགས་སྦྲགས་འབད་བཏུབ་ཨིན།,"(-2, 4)","(3, 5)","(1, 2)","(-3, -4)",c
jsc-math-8-203,"A = {b, c, q} དང་ B = {a, p, r} ཚུ་ཨིན།","{a,p,r} དེ་ནང་ལུ་","{b,c,q} དེ་ནང་ལུ་","{a, c, q, r} འདི་ཚུ་","{a,p,r,s} འདི་ཚུ་",d
jsc-math-8-204,A^{c} འདི་ག་དེ་ཅིག་ཨིན་ག་ཟེར་བ་ཅིན་,i དང་ ii,i དང་ iii,ii དང་ iii,"i, ii དང་ iii ཚུ་ཨིན།",d
jsc-math-8-205,འ་ནི་ལས་ཀ་འདི་གིས་ ཇི་ཨེམ་ཊི་རིཊི་གི་རི་མོ་ཚུ་ བཏོན་ནི་ལུ་ཕན་ཐོགས་འོང་།,དེ་ལས་གྲུ་བཞི་དེ་ ༢༠ ཨིན། མི་དབང་མཆོག་གིས་,དེ་ ༢༥ འབད་མི་གྲུ་བཞི་ཨིན། མི་དབང་མཆོག་གིས་,དེ་ལས་གྲུ་བཞི་དེ་ ༤༠ ཨིན། མི་དབང་མཆོག་གིས་,ལྡེ་མིག་ ༥༠ དེ་ཨིན། མི་དབང་མཆོག་གིས་,d
jsc-math-8-206,i. ལགཔ་གཅིག་དང་ ཟུར་གཅིག་བྱིན་པ་ཅིན་ རོམ་བུསི་གི་བཟོ་དབྱིབས་ བཟོ་ཚུགས།,ལྕང་ལཱ་གི་ཚད་གཞི་དེ་ 3.14 ཨིན། མི་དབང་མཆོག་གིས་,དྲུག་དང་གཉིས་ཆ་ར་ལུ་ མི་དབང་མཆོག་གིས་,ལྕང་ལཱ་གི་ཚད་གཞི་དེ་ ༡༢.༥༧ ཨིན་པས། མི་དབང་མཆོག་གིས་,༢༥.༡༣ སེན་ཊི་རིཊི་ཨིན། མི་དབང་མཆོག་གིས་,b
jsc-math-8-207,༢། སྦུག་ལོགས་ཀྱི་ལག་གཉིས་དང་ ཟུར་ཐིག་གཉིས་ཡོད་པ་ཅིན་ ཟུར་ཐིག་འདི་ ཕྲང་སྒྲིག་སྦེ་བཏོན་ཚུགས།,18,18.5,20,20.5,c
jsc-math-8-208,གསུམ་པ་ ཟུར་ཐིག་གི་ཟུར་གཉིས་ གཅིག་གིས་གཅིག་ལུ་ དབྱེ་བ་ཕྱེ་བ་ཅིན་ ཟུར་ཐིག་གཅིག་སྦེ་འཐོན་འོང་།,5,6,7,8,b
jsc-math-8-209,འོག་ལུ་ཡོད་མི་ལས་ ག་འདི་བདེན་པ་ཨིན་ན་ཟེར་བ་ཅིན་,3,6,7,8,d