identity,question,a ,b,c,d,correct_ answer
jsc-science-8-1,ཨེསི་ཌི་འདི་ ག་དེ་ཅིག་ཡོདཔ་སྨོ་,མཱལ་ཀི་,སི་ཊི་རི་ཀ།,ཨེགསི་ལི་ཀ,ཏ་ར་ཏར་ཀི,d
jsc-science-8-2,མཐུད་སྦྲེལ་བཟོ་ནིའི་དོན་ལུ་ ག་དེ་ཅིག་ལག་ལེན་འཐབ་ནི་ཡོདཔ་ཨིན་ན?,ལི་དང་ཟེརཝ་,གིནཇི་དང་ ཏིན་,ཐིམ་ཕུག་དང་ ཐིམ་ཕུག་,ལི་དང་ལྕགས་,c
jsc-science-8-3,ལྕང་ཟམ་ཏོག་གི་སྐེ་རག་གསུམ་པ་འདི་ ག་འདི་ཡོདཔ་ཨིན་ན?,ཕགཔ་,རི་དྭགས་སེམས་ཅན་,གངས་གཟིག་,བྱ་,a
jsc-science-8-4,ལྕངམ་གིས་བཟོ་མི་ ཧོར་མཱོན་འདི་ག་ཅི་ཨིན་ན།,ཨོ་ཟི་ནོ་,ཨེ་ཊི་ལིན་,ཕོརོ་རོ་ཇེན་,ཇི་བེ་ར་ལིན་,c
jsc-science-8-5,ལོ་ཐོག་ལུ་ གནོད་པ་བཀལ་མི་ ནད་འབུབ་ཚུ་གི་གྲས་ལས་ ག་འདི་དྲག་ནི་ཨིན་ན?,NH_{4}OH འདི་,ན་ཨོ་ཨའེ་,Mg(OH)_{2},Ca(OH)_{2} འདི་ཡང་ ཀ་བཱལ་ཨའེ་ཨའེ་ལུ་བརྟེན་ཨིན།,d
jsc-science-8-6,ཨོམ་ཀེ་ཇི་༡༠་གིས་ ཀེ་ཇི་ཇི་ཇི་ག་དེམ་ཅིག་ བཟོ་ཚུགས་ནི་ཨིན་ན?,ཀི་ལོ་ཀཱོལ་༤༠,ཀི་ལོ་ཀཱོལ་༤༦,ཀི་ལོ་ཀཱོལ་༦༤,ཀི་ལོ་ཀཱོལ་༩༠,d
jsc-science-8-7,པཱལ་ཏི་པཱསི་གི་ཁྱད་ཆོས་ག་ཅི་ཡོདཔ་ཨིན་ན?,ཨོམ་འཐུང་མི་གིས་ ཨོམ་འཐུང་མི་གིས་ ཨོམ་འཐུང་མི་གིས་,ཁྲག་སྲ་ཀྲག་,སེམས་ཀྱི་གདིང་འདི་འབག་སྟེ་སྡོད་,ཨ་ལོ་སྐྱེ་ནི་,a
jsc-science-8-8,"CaCO_{3}\xrightarrow[]{ཚ་ཏོམ་}CaO+Z"" འདི་ ཀ་ཝིཊི་གི་ཨང་གྲངས་ཨིན།",i དང་ ii,i དང་ iii,ii དང་ iii,"i, ii དང་ iii ཚུ་ཨིན།",d
jsc-science-8-9,Z' ཟེར་མི་སྡེ་ཚན་འདི་ -,2,3,4,5,b
jsc-science-8-10,i. མེ་བསད་ནི་ལུ་ ཕན་ཐོགས་ཡོད།,སློབ་དཔོན་,པྲ་མཱེ་ཊ་ཕ་ཡེསི་,མེ་ཊ་ཕེསི་,ཨ་ན་ཕ་ཇ་,d
jsc-science-8-11,༢། ཕྲ་རིང་འདི་ གློག་འོད་ནང་འགྱོ་ནི་ལུ་ ཕན་ཐོགས་ཡོད།,བརྡ་དོན་ཚུ་,གནམ་གཤིས་,དམག་སྡེ་,ས་གཞི་བལྟ་མི་,a
jsc-science-8-12,གསུམ་པ་ ལི་གི་ཆུ་འདི་ ལྕགས་ཀྱུ་འཁྱུ་ཚུགསཔ་ཨིན།,8,9,10,11,c
jsc-science-8-13,འོག་ལུ་ཡོད་མི་ལས་ ག་འདི་བདེན་པ་ཨིན་ན་ཟེར་བ་ཅིན་,ལན་གསལ་ཚུ་,ཤིམ་ཱུལ་,གེ་ཟ་,ཀེ་བ་,b
jsc-science-8-14,"CaCO_{3}\xrightarrow[]{ཚ་ཏོམ་}CaO+Z"" འདི་ ཀ་ཝིཊི་གི་ཨང་གྲངས་ཨིན།",i དང་ ii,i དང་ iii,ii དང་ iii,"i, ii དང་ iii ཚུ་ཨིན།",d
jsc-science-8-15,Z' ནང་ལུ་ ཨེཊོམ་ག་དེ་ཅིག་ཡོདཔ་ཨིན་ན?,"২,৮","২,৮,১","২,৮,২","২,৮,৪",a
jsc-science-8-16,རང་བཞིན་གྱི་གཟུགས་ཁར་ཡོད་མི་ གཟུགས་ཀྱི་ཚིགས་སུ་ཅིག་ལུ་ ཇི་སི་ཊོ་མེ་ཡ་རེ་ཡོདཔ་དང་ འདི་ཡང་ རང་བཞིན་གྱི་གཟུགས་ཁར་ཡོད་མི་ གཟུགས་ཀྱི་ཚིགས་སུ་ཅིག་ལུ་ ཇི་སི་ཊོ་མེ་ཡ་རེ་ཟེར་ཨིན་མས།,ཡུ་རཱན་སི།,ཇུ་པི་ཊར་,དྲག་ཞེན་,སཱན་ནི་,c
jsc-science-8-17,ཨིསི་ཊ་བེ་ལིཊི་ག་འདི་ སྤྱི་ལོ་༡༩༩༩ ལུ་ འཛམ་གླིང་ཀེཌ་བཱོལ་འགྲན་བསྡུར་ནང་ལུ་ གྲོགས་རམ་འབད་དེ་ཡོདཔ་ཨིན་ན?,དར་གྱི་ས་སྒོ་ཚུ་ནང་,ས་ཆ་འདི་ནང་ལུ་ གནམ་གཤིས་འདི་ གནམ་གཤིས་ཀྱི་གནས་སྟངས་བཟུམ་ཅིག་སྦེ་ མཐོངམ་ཨིན་མས།,ས་གཞི་གི་སྐེདཔ་ལུ་,འཛམ་གླིང་གི་ལྟེ་བ་ལུ་,d
jsc-science-8-18,ནིའོན་ལུ་ ཨེཊ་མོཊི་ཨང་ག་དེ་ཡོདཔ་ཨིན་ན?,ཝི་ཊ་མཱེན་ ཨེ་,ཝི་ཊ་མིན་ ཀི་,ཝི་ཊ་མིན་ བི་,ཝི་ཊ་མིན་ཌི་,b
jsc-science-8-19,སྲོག་ཆགས་མེ་ཏོག་འདི་ག་ཅི་ཡོདཔ་ཨིན་ན?,མཚིགས་ཏོ་གི་རྩ་བ་,པཱོན་སི་,སེ་རེ་བེ་ལཱམ་,སེརེབཱརེམ་,b
jsc-science-8-21,i. isotope གི་ཉམས་འགྱོ་ནི་འདི་གིས་,མཐའ་འཁོར་ཚུ་,མཱལ་སག་,རྐང་ཚིགས་ཀྱི་སྲོག་ཆགས་ཚུ་,ཀོར་ཌ་ཏ་,c
jsc-science-8-22,༢། རིགས་རུས་ཉམས་འགྱོ་མི་འདི་ལུ་བལྟ་ནུག,དཀར་འབྲུ་,གེ་ཟ་,ཤིམ་ཱུལ་,ཀེ་བ་,a
jsc-science-8-23,གསུམ་པ་ གཏན་འཇགས་དང་ གནས་སྐབས་ཀྱི་ ཨི་ཟོཊོ་པི་གི་ཆ་སྙོམས་ལས་,ཨེ་མ་,ཝོལཊི་,དབྱེ་བ་ཚུ་,ཨེམ་པི་ཡཱར་,a
jsc-science-8-24,འོག་ལུ་ཡོད་མི་ལས་ ག་འདི་བདེན་པ་ཨིན་ན་ཟེར་བ་ཅིན་,སློབ་དཔོན་,མེ་ཊ་ཕེསི་,ཨ་ནེཕ་ཇ་,གློག་ཐག་ར་བ་,c
jsc-science-8-25,ནུས་པ་ཅན་ཚུ་འདི་ག་དེ་ཅིག་ ནུས་པ་ཅན་ཨིན་ན?,15,16,17,18,d
jsc-science-8-27,ཀེ་མི་ལི་གི་མིང་འདི་ག་ཅི་སྨོ་ཟེར་,ཨེ་མ་,ཚལ་ལུ་,ཚལ་ལུ་,ཀུ་ཤུ་,b
jsc-science-8-29,i. ཐད་ཀར་དུ་ལག་ལེན་འཐབ་ཐོག་ལས་,i དང་ ii,i དང་ iii,ii དང་ iii,"i, ii དང་ iii ཚུ་ཨིན།",b
jsc-science-8-30,༢། བརྟག་ཞིབ་འབད་ཐོག་ལས་,སཱལ་ཕ་ཊི་,ཀ་བཱོན་ནེཊི་,ཕོ་སེཊ་,ཨམ་མོ་ནི་ཡཱེམ་,d
jsc-science-8-31,གསུམ་པ་ འཐུང་ཆུའི་རིགས་ཚུ་ འཐུང་དོ་ཡོདཔ་ཨིན་,i དང་ ii,i དང་ iii,ii དང་ iii,"i, ii དང་ iii ཚུ་ཨིན།",d
jsc-science-8-32,འོག་གི་ལོ་རྒྱུས་ཚུ་ལས་ག་འདི་བདེན་པ་ཨིན་ན་?,ཚ་གྱང་ལང་དགོ,རིག་འཛིན་ཚུ་,མེ་ར་སུམ་སི་,ཀོ་ཝཱསི་ཡ་ར་ཀཱར་,a
jsc-science-8-33,"CuCO_{3}\xrightarrow[]{ཚ་ཏོམ་}A+CO_{2}"" འདི་ཡང་ སྦ་སྒོར་གི་ས་སྒོ་འདི་ཨིན།",དར་གྱི་ས་སྒོ་ཚུ་ནང་,འཛམ་གླིང་འདི་ནང་ལུ་ ས་གཞི་འདི་ གནམ་གཤིས་ཀྱི་གནས་སྟངས་བཟུམ་ཅིག་ལུ་འགྱུར་ཏེ་འདུག,ཀྲ་སི་ཏིཡཱན་གི་ ས་ཁོངས་ནང་,འཛམ་གླིང་གི་ལྟེ་བ་ལུ་,a
jsc-science-8-34,འ་ནི་འདྲ་མཉམ་ནང་ལུ་ A འདི་རྟགས་བཀལ་ཡོད་པའི་ས་སྒོ་ནང་ལུ་སྡོད་འོང་།,ཨ་མ་ཤི་,ཚ་རིམས་ཚབས་ཆེན་,བརྩེ་གདུང་,ཝི་ཊ་མིན་ཚུ་,a
jsc-science-8-35,"CuCO_{3}\xrightarrow[]{ཚ་ཏོམ་}A+CO_{2}"" འདི་ཡང་ སྦ་སྒོར་གི་ས་སྒོ་འདི་ཨིན།",63,34,27,13,*
jsc-science-8-36,"stimulus འདི་ག་དེ་སྦེ་འབད་དོ་ག་?""",ཨེསི་ཌི་,ས་སྨན་,ཚྭ་,ས་སྨན་,c
jsc-science-8-37,ནིའུ་ཀིཤི་ཨསིཌ་གི་རིགས་ཚུ་,ནིཌ་རི་ཡ་,པཱལ་ཊི་ཧེལ་མཱིན་ཏེསི་,ནེ་མཏོ་ཌ་,ཨ་ནི་ལིཌ་,a
jsc-science-8-38,རང་བཞིན་གྱི་སྲོག་ཆགས་འདི་ནང་ལུ་ ཁམས་ལོག་ཅི་ག་དེ་ཅིག་ དབྱེ་བ་ཕྱེ་ནི་ཡོདཔ་ཨིན་ན?,1,2,3,4,c
jsc-science-8-39,མིག་ཏོ་རེ་རེ་ལས་ རང་དབང་ཅན་གྱི་ སྔོ་ཚལ་གཅིག་སྐྱེ་འོང་། འདི་ནང་ལུ་ ཤིང་འདི་ག་ཏེ་ཡོདཔ་ཨིན་ན?,1,2,3,4,b
jsc-science-8-41,ཨེཀསི་ཇེན་འདི་ནང་ལུ་ ཨེཀསི་ཇེན་འདི་ནང་ལུ་ ཨེཀསི་ཇེན་གྱི་ ཨེཀསི་ཇེན་ག་དེ་ཡོདཔ་ཨིན་ན?,22,23,24,25,b
jsc-science-8-42,ཤུགས་ཚད་ G འདི་ཤུགས་ཚད་མཐོ་ཤོས་ཅིག་ཨིན།,ཨེསི་ཌི་,ས་སྨན་,ཚྭ་,གིལསི་རེ་ནིན་,b
jsc-science-8-43,i. གཟུགས་ཀྱི་ས་སྒོ་སོ་སོ་ནང་ དབྱེ་བ་ཕྱེ་སྟེ་ མཐུན་སྒྲིག་འབད་ཡོད་པའི་ཡན་ལག་ཚུ་ཡོདཔ་ཨིན།,ཀོར་ནི་ཡཱན་,ཨའི་ལིཤི་,མི་སེར་ཚུ་,མིག་ཏོ་གི་མཐོང་སྣང་,a
jsc-science-8-44,༢། གཟུགས་ནང་གི་ཁྲག་གི་ས་སྒོ་འདི་ ཧེ་མོ་སི་ལ་ཟེར་སླབ་ཨིན།,ནིཊི་རོཇེན་,ནད་འབུབ་དང་ ནད་འབུབ་གཞན་ཚུ་,ཕོརིན་,ཀ་ལོརིན་,b
jsc-science-8-45,གསུམ་པ་ གཟུགས་འདི་ཚིལ་ལུ་ཡོད་པའི་ཚིལ་ལུ་བཀབ་སྟེ་འདུག,8,16,0,18,b
jsc-science-8-46,འོག་ལུ་ཡོད་མི་ལས་ ག་འདི་བདེན་པ་ཨིན་ན་ཟེར་བ་ཅིན་,ཝི་ཊ་མཱེན་ ཨེ་,ཝི་ཊ་མིན་ སི་,ཝི་ཊ་མིན་ བི་,ཝི་ཊ་མིན་ ཀི་,d
jsc-science-8-47,འོག་གི་ལས་སྡེ་ག་ལུ་ཨུ་རུ་རའི་ བཟོ་གྲྭ་ཁང་ཟེར་སླབ་ནི་ཨིན་ན?,i དང་ ii,i དང་ iii,ii དང་ iii,"i, ii དང་ iii ཚུ་ཨིན།",d
jsc-science-8-49,i. མཐུད་སྦྲེལ་འབད་ཐངས་,i དང་ ii,i དང་ iii,ii དང་ iii,"i, ii དང་ iii ཚུ་ཨིན།",c
jsc-science-8-50,༢། མེ་འབར་ནི་,ཕི་ཏ་ཀ་ར་མི་,དབྱེ་བ་ཕྱེ་ནི་,སྐད་རྐྱབ་ནི་,ལྡོག་ཕྱོགས་ཚོགས་པ་,a
jsc-science-8-51,གསུམ་པ་ སོར་ཆུད་འབད་ཐངས་,ཤིང་གི་རིགས་,ནད་གཞི་,སྨན་རིགས་ཀྱི་སྐོར་ལས་,སེམས་ཅན་,a
jsc-science-8-52,འོག་ལུ་ཡོད་མི་ལས་ ག་འདི་བདེན་པ་ཨིན་ན་ཟེར་བ་ཅིན་,i དང་ ii,i དང་ iii,ii དང་ iii,"i, ii དང་ iii ཚུ་ཨིན།",a
jsc-science-8-53,ནུབ་མོ་གཉིད་མ་ལོག་པར་སྡོད་པ་ཅིན་ ནད་གཞི་ག་ཅི་ལུ་བརྟེན་འོང་ནི་ཨིན་ན?,ཀུ་,O_{2} འདི་ལུ་,Cu_{2}O འདི་,ཀུ་ཨོ་,d
jsc-science-8-54,ཤིང་འབྲས་དང་ མེ་ཏོག་ དེ་ལས་ སོན་དང་ ལྕངམ་དང་རྩ་བ་ཚུ་ནང་ ཧོར་མཱོན་ག་ཏེ་ཡོདཔ་ཨིན་ན?,མཐུད་སྦྲེལ་,དབྱེ་བ་ཕྱེ་ནི་,ཚབ་བཙུགས་,མེ་གཏང་ནི་,b
jsc-science-8-55,མོ་ནི་གིས་ ཁྱིམ་ཐོག་གུ་ལས་ ཀི་རི་ཀེཊ་རྩེད་དོ་ཡོདཔ་ཨིན་མས། སྦ་སྒོར་དེ་གི་ ལྗིད་ཚད་དེ་ ཀེ་ཇི་༢༠༠ ཨིན་མས་ཟེར་ཨིནམ་ད་ སྦ་སྒོར་དེ་གི་ ལྗིད་ཚད་དེ་ ཀེ་ཇི་༡༠༠ ཨིན་མས་ཟེར་ཨིན་པས།,1,2,3,4,b
jsc-science-8-56,རྡོ་རྗེ་གི་ལྕངམ་གི་ལྗིད་ཚད་ག་དེམ་ཅིག་ཡོདཔ་ཨིན་ན?,2,3,4,5,b
jsc-science-8-58,ཤིང་སྡོང་ཚུ་ལུ་ རྨ་སྐྱོན་ཚུ་སེལ་ནི་ལུ་ ཕན་ཐོགས་པའི་ ཧོར་མཱོན་འདི་ག་ཅི་ཨིན་ན?,i དང་ ii,i དང་ iii,ii དང་ iii,"i, ii དང་ iii ཚུ་ཨིན།",d
jsc-science-8-59,ཤ་དང་ཉ་ དེ་ལས་ ཨོམ་འཐུང་ནི་ཚུ་ ཉིན་བསྟར་བཞིན་དུ་ ཟ་དོ་ཡོདཔ་ཨིན་མས། དེ་འབདཝ་ད་ ཚོད་བསྲེ་དང་ཤིང་འབྲས་ཚུ་ དྭངས་གསལ་སྦེ་མེདཔ་ཨིན།,2,6,8,16,c
jsc-science-8-60,བཞེས་སྒོ་ནང་མེད་མི་ ཟས་བཅུད་ཀྱི་རིགས་ཚུ་མེད་པ་ཅིན་ སེ་ལུ་ལུ་ ནད་གཞི་ག་ཅི་འཐོན་ནི་ཨིན་ན?,ས་གཞི་འདི་ གནམ་གཤིས་ཀྱི་གནས་སྟངས་ལུ་བརྟེན་ཡོདཔ་ཨིན།,དར་གྱི་ས་སྒོ་ཚུ་ནང་,འཛམ་གླིང་གི་ལྟེ་བ་ལུ་,ཟླཝ་ནང་ལུ་,b
jsc-science-8-61,ཤ་དང་ཉ་ དེ་ལས་ ཨོམ་འཐུང་ནི་ཚུ་ ཉིན་བསྟར་བཞིན་དུ་ ཟ་དོ་ཡོདཔ་ཨིན་མས། དེ་འབདཝ་ད་ ཚོད་བསྲེ་དང་ཤིང་འབྲས་ཚུ་ དྭངས་གསལ་སྦེ་མེདཔ་ཨིན།,i དང་ ii,i དང་ iii,ii དང་ iii,"i, ii དང་ iii ཚུ་ཨིན།",a
jsc-science-8-62,Sabo གི་བཞེས་སྒོ་གི་ཐོ་འདི་:,གློག་ཐག་ར་བ་,གཟུགས་,གླང་ཁོག་,ལྡེ་མིག་,d
jsc-science-8-63,i. གཟུགས་སྒྲིང་སྒྲིང་བཟོ་ནི་ལུ་ ཕན་ཐོགས་ཡོད།,i དང་ ii,i དང་ iii,ii དང་ iii,"i, ii དང་ iii ཚུ་ཨིན།",a
jsc-science-8-64,༢། གློག་ཤུགས་ཐོན་སྐྱེད་འབད་ནི་ལུ་ ཕན་ཐོགས་ཡོད།,གློག་ཤུགས་,གློག་ཤུགས་འོད་ཟེར་,ཚ་དྲོད་གློག་ཤུགས་,ནུས་ཤུགས་འདི་ ཀེ་མི་ལི་ལས་ཐོབ་ཨིན།,d
jsc-science-8-65,གསུམ་པ་ གཟུགས་ལུ་ གནོད་སྐྱོན་བྱུང་མི་ཚུ་ ལོག་སྟེ་གསོལཝ་ཨིན།,སེན་ཊི་གཱམ་,ཀེ་ཇི་,ཀིཝིན་ཊཱལ་,གཡུས་ཚན་,b
jsc-science-8-66,འོག་ལུ་ཡོད་མི་ལས་ ག་འདི་བདེན་པ་ཨིན་ན་ཟེར་བ་ཅིན་,1,2,8,11,a
jsc-science-8-67,ཧམ་མཱལ་ཉ་དེ་གི་ གཟུགས་ཁར་ཡོད་མི་འདི་ ག་བཟུམ་ཅིག་ཡོདཔ་ཨིན་ན?,ཀོ་པི་,རྦ་རླབས་,ཨེ་མ་,གེ་ཟ་,c
jsc-science-8-68,CaO+ 2HCI\rightarrow \fbox{x} + H_{2}O གིས་འབད་ཐངས་ནང་ X གི་སྡེ་ཚན་འདི་ག་ཅི་ཨིན་ན?,HOOC-COOH,H_{2}SO_{4} འདི་ལུ་བལྟ་བ་ཅིན་,HCI,CH_{3}COOH འདི་ཡང་,d
jsc-science-8-69,ག་འདི་ནང་ལུ་ རང་སོའི་འོད་ཟེར་ཡོདཔ་ཨིན་ན?,i དང་ ii,i དང་ iii,ii དང་ iii,"i, ii དང་ iii ཚུ་ཨིན།",a
jsc-science-8-71,stimulus འདི་ག་དེ་སྦེ་འགྱོ་དོ་ག་ཟེར་བ་ཅིན་,ཨོ་ཟི་ནའིན་,ཇི་བེ་ར་ལིན་,ཨེ་ཊི་ལིན་,སི་ཊོ་ཀའིན་ནིན་,c
jsc-science-8-73,i. ཤོག་ལེབ་འདི་ སྤོ་བཤུད་འབད་ཡོདཔ་ཨིན།,i དང་ ii,i དང་ iii,ii དང་ iii,"i, ii དང་ iii ཚུ་ཨིན།",d
jsc-science-8-74,༢། ཁོ་གིས་ ཤོག་གུ་ཆུང་ཀུ་ཅིག་ལས་ མེ་ཏོག་སྦོམ་ཅིག་ལུ་འགྱུར་ནུག,ཀོར་ནི་ཡཱན་,གློག་མེའི་གདོང་ཁེབས་,འཁོར་ལམ་གྱི་དཀྱིལ་ལུ་ཡོད་མི་ཐིག་ཁྲམ་,དྭངས་གསལ་མེད་པའི་ཁེབས་,d
jsc-science-8-75,གསུམ་པ་ མེ་ཏོག་འདི་ ག་ཅི་ལུ་བརྟེན་ཏེ་ འགོ་བཙུགས་ཡོདཔ་ཨིན་ན?,ཧ་ཌ་རཱ།,སའི་ཕཱ་,སྒོང་རྡོག་,ཨཱར་ཤ་ལཱལ་,a
jsc-science-8-76,འོག་གི་ལོ་རྒྱུས་ཚུ་ལས་ག་འདི་བདེན་པ་ཨིན་ན་?,ཁྱབ་ཚད་,འཐོན་འགྱོ་ནི་,དྲན་ཚོར་འབད་ཐངས་,སྦ་སྒོར་བཙུགས་ནི་,b
jsc-science-8-77,སི་ལི་ཀཱོན་ལུ་ ཨོ་ཏོམ་ག་དེམ་ཅིག་ཡོདཔ་ཨིན་ན?,སློབ་དཔོན་,ཨ་ནེཕ་ཇ་,མེ་ཊ་ཕེསི་,དོན་དག་གི་དོན་ལས་,d
jsc-science-8-79,"ཚུད་གཉིས་པ་དེ་གི་དོན་ལས་ ཚུད་འདི་ག་དེ་ཅིག་ལཱ་འབད་ཚུགས་ག?""",ཕོརོ་རོ་ཇེན་,ཨེ་ཊི་ལིན་,ཇི་བེ་ར་ལིན་,Indole Acetic Acid ཟེར་མི་ ཨེསི་ཌི་ཨེས་ཏིག་ཨེ་སིཌ་ཨིན།,d
jsc-science-8-81,i. གློག་སྐད་འདི་ཤུགས་སྦེ་འགོ་བཟུང་ནུག,i དང་ ii,i དང་ iii,ii དང་ iii,"i, ii དང་ iii ཚུ་ཨིན།",d
jsc-science-8-82,༢། ཟ་ནི་འཐུང་ནི་ནང་ དཀའ་ངལ་བྱུང་དོ་ཡོདཔ་ཨིན།,སའི་ཀཱོལོཌ་,གཱ་ནོ་ཌ་,པཱལ་ཀའུཌ་,ཊི་ནོ་ཌ་,c
jsc-science-8-83,གསུམ་པ་ སྐེདཔ་གི་ཚིགས་ཚུ་ཡར་སྦོམ་འགྱོ་དོ་ཡོདཔ་ཨིན།,ས་སྨན་,ཨེསི་ཌི་,ས་སྨན་,ཚྭ་,d
jsc-science-8-84,འོག་ལུ་ཡོད་མི་ལས་ ག་འདི་བདེན་པ་ཨིན་ན་ཟེར་བ་ཅིན་,ས་གཞི་,སྐར་མ་ཚུ་,སཱཊ་བཱལ་ཊི་འུཊ་,རང་བཞིན་གྱི་ས་ཡ་,b
jsc-science-8-85,རང་སྲོག་བཅད་མི་ཚུའི་སྒོ་སྒྲིག་དེ་ ག་དེ་སྦེ་འགྱོ་ནི་ཨིན་ན?,i དང་ ii,i དང་ iii,ii དང་ iii,"i, ii དང་ iii ཚུ་ཨིན།",d
jsc-science-8-86,བྱ་རིམ་འདི་ག་ཅི་ལུ་བརྟེན་ཏེ་ འབྱུང་དོ་ཡོདཔ་སྨོ་ཟེར་,ཐོ་པཱ་པཱན་,པད་དཀར་མེ་ཏོག་,ཨེ་མ་,པེ་ཡ་ར་,a
jsc-science-8-88,(1) Ca+O_{2} \rightarrow Y,དར་གྱི་ས་སྒོ་ཚུ་ནང་,འཛམ་གླིང་འདི་ནང་ལུ་ ས་གཞི་འདི་ གནམ་གཤིས་འགྱུར་བགྲོད་ཅན་ཅིག་ལུ་འགྱུར་ཏེ་འདུག,ཀྲ་སི་ཏིཡཱན་གི་ ས་ཁོངས་ནང་,ས་གཞི་གི་སྐེདཔ་ལུ་,b
jsc-science-8-89,(2) Y + CH_{3}COOH \geq Z+ H_{2}O,གྲུབ་འབྲས་འདི་ ག་བཟུམ་ཅིག་ཨིན་ན་ཟེར་བ་ཅིན་,མེ་འབར་ནི་,མར་ཕབ་འབད་ཐངས་,སོར་ཆུད་འབད་ཐངས་,b
jsc-science-8-90,"(1) གིས་ལན་ག་ཅི་བཟུམ་ཅིག་བྱུངམ་ཨིན་ན?""",i དང་ ii,i དང་ iii,ii དང་ iii,"i, ii དང་ iii ཚུ་ཨིན།",c
jsc-science-8-91,Z ཟེར་མི་སྡེ་ཚན་འདི་,སློབ་དཔོན་,མེ་ཊ་ཕེསི་,ཨ་ན་ཕ་ཇ་,གློག་ཐག་ར་བ་,c
jsc-science-8-92,i. དབྱེ་བ་ཕྱེ་མ་བཏུབ་པའི་རྫས་,མ་ག་སི་ཡཱེམ་,དངུལ་,ཕོརིན་,ལེཌ་,d
jsc-science-8-93,༢། ལིཊ་མཱསི་གི་མདོག་འདི་ འགྱུར་བ་མེད་པར་བཞག་ནུག,ཕྲ་རིང་འདི་,ཁམས་ཀྱི་གདོང་ཁེབས་,ཉ་གི་ལགཔ་གི་གདོང་ཁེབས་,ཀུ་ཊིན་ཡོད་པའི་སྲོག་ཆགས་ཀྱི་གཟུགས་ཁར་,a
jsc-science-8-94,གསུམ་པ་ མཆིན་པའི་ནང་འཁོད་ལུ་ཐོན་མི་,བརྒྱུད་འབྲེལ་ས་ཊཱལ་ཊཱིཀ,རྒྱ་མཚོ་གི་འགྲུལ་འགྲུལ་འདྲེན་ས་ཊི་ལཱིཀ,གནམ་གཤིས་ས་བཱིལ་,བལྟ་རྟོག་འབད་སའི་ས་བཱིལ་,b
jsc-science-8-95,འོག་ལུ་ཡོད་མི་ལས་ ག་འདི་བདེན་པ་ཨིན་ན་ཟེར་བ་ཅིན་,i དང་ ii,i དང་ iii,ii དང་ iii,"i, ii དང་ iii ཚུ་ཨིན།",c
jsc-science-8-96,སའི་སྐརམ་ག་ལུ་ཡོདཔ་ཨིན་ན?,14,15,16,17,a
jsc-science-8-97,ཨེན་སི་ཊི་ཨེམ་དེ་ ཨེ་མ་བཟོ་ཁང་ནང་ ག་དེ་ཅིག་ཁག་ཆེ་ཤོས་ཅིག་ཨིན་ན?,i དང་ ii,i དང་ iii,ii དང་ iii,"i, ii དང་ iii ཚུ་ཨིན།",a
jsc-science-8-98,ལྡུམ་ར་ག་ཏེ་ལུ་ཡོདཔ་ཨིན་ན?,ཨེམ་པི་ཨར་ ༥,གློག་ཤུགས་ཨེམ་པི་ ༡༠,གློག་ཤུགས་ཨེམ་པི་ ༡༥,ཨེམ་པི་༣༠།,a
jsc-science-8-99,ག་དེ་ཅིག་གློག་ཤུགས་ཉམས་བཅོས་འབད་ནི་ཨིན་ན།,i དང་ ii,i དང་ iii,ii དང་ iii,"i, ii དང་ iii ཚུ་ཨིན།",a
jsc-science-8-100,གློག་ཤུགས་ཝཱལཊ་༡༠༠ འབད་མི་ གློག་ཤུགས་གློག་ཤུགས་ཨེམ་པི་ ༥ འབད་མི་ གློག་ཤུགས་ཀྱི་འཁོར་ལོའི་ནང་བཙུགས་ནུག གློག་ཤུགས་ཀྱི་དཀའ་ངལ་འདི་ ག་དེ་དྲག་དྲག་ཡོདཔ་ཨིན་ན?,ནིའུ་ཊཱན་ ༠.༥༥ གི་རྩིས་སྟོནམ་ཨིན།,༥.༥༠ G ནིའུ་ཊཱན་,G ནིའུ་ཊཱན་ ༧.༥༠ ཨིན་པས།,G ནིའུ་ཊཱན་༧༥.༠༠,c
jsc-science-8-101,གདོང་ཁེབས་འདི་ག་ཏེ་ལུ་ཡོདཔ་ཨིན་ན?,བྱི་ཅུང་དང་ SARS,རི་ཕག་དང་བྱ་ཚུ་,སེངྒེ་དང་ ཕགཔ་,འབུབ་དང་བྱ་དེ་ཚུ་,a
jsc-science-8-102,མཆུ་ཏོ་སྦོམ་དང་ སེམས་ཁམས་ཀྱི་ཉམས་སྐྱོན་ཚུ་ ག་དེ་ཅིག་ལུ་བརྟེན་འབྱུང་དོ་ཡོདཔ་ཨིན་ན?,དཀར་འབྲུ་,ལན་གསལ་ཚུ་,ཤིམ་ཱུལ་,གེ་ཟ་,c
jsc-science-8-103,དེ་ལས་ ཨེ་མ་འདི་ ག་དེ་སྦེ་སྐྱེ་ཡོདཔ་ཨིན་ན?,དར་གྱི་ས་སྒོ་ཚུ་ནང་,ས་ཆ་འདི་ནང་ལུ་ གནམ་གཤིས་འདི་ གནམ་གཤིས་ཀྱི་གནས་སྟངས་བཟུམ་ཅིག་སྦེ་ མཐོངམ་ཨིན་མས།,ཀྲ་སི་ཏིཡཱན་གི་ ས་ཁོངས་ནང་,འཛམ་གླིང་གི་ལྟེ་བ་ལུ་,a
jsc-science-8-104,ཐིརི་ཊི་ཨུམ་འདི་ ག་གི་ཆ་ཕྲན་འདི་ཨིན་ན།,ནེ་མཏོ་ཌ་,ཨ་ནེལིཌ་,ཨེཐ་རཱོ་པོ་ཌ་,མཱལ་སག་,c
jsc-science-8-105,མི་གི་གཟུགས་ཀྱི་ཆུ་འཁྱུ་མི་གིས་ ཁྲག་ལས་མར་ ག་ཅི་བཏོན་ནི་ཡོདཔ་ཨིན་ན?,4,5,6,7,b
jsc-science-8-106,གློག་ཤུགས་ཀྱི་ཚད་གཞི་འདི་ ག་དེ་ཅིག་ཨིན་ན?,i དང་ ii,i དང་ iii,ii དང་ iii,"i, ii དང་ iii ཚུ་ཨིན།",c
jsc-science-8-107,ཀ་ལསི་ཡཱམ་སཱལ་ཕེཊི་གི་ རྡུལ་ཕྲན་ནང་ ཨེཊ་མོ་ལི་ཅི་ག་དེ་ཡོདཔ་ཨིན་ན?,སློབ་དཔོན་,མེ་ཊ་ཕ་ཡེསི་གི་རྒྱབ་སྐྱོར་,མེ་ཊ་ཕེསི་,ཨ་ན་ཕ་ཇ་,b
jsc-science-8-108,མེ་ཏོག་ག་ཅི་ལུ་ རླུང་མ་འཁྱུ་ནི་ཡོདཔ་དང་ རླུང་མ་འཁྱུ་ནི་དེ་ ག་བཟུམ་ཅིག་ཡོདཔ་ཨིན་ན?,ཆུ་གི་འཕྲོ་བརླག་འགྱོ་ནི་,ཚྭ་གི་ནུས་པ་,ཨའོན་ཧྲིལ་བུམ་,འཐུང་ཆུ་བཏོན་ཐབས།,d
jsc-science-8-109,i. ཕོ་སྐྱེས་ཀྱི་གཟུགས་ཁར་ཡོད་མི་ གཟུགས་ཀྱི་ཚིགས་,i དང་ ii,i དང་ iii,ii དང་ iii,"i, ii དང་ iii ཚུ་ཨིན།",a
jsc-science-8-110,༢། བཏོན་གཏང་,ན་ཨོ་ཨའེ་,NH_{4}OH འདི་,Ca(OH)_{2} འདི་ཡང་ ཀ་བཱལ་ཨའེ་ཨའེ་ལུ་བརྟེན་ཨིན།,AI(OH)_{3} འདི་ཡང་ ཨའི་གི་མིང་ཨིན།,d
jsc-science-8-111,གསུམ་པ་ ཧེཔ་ལོཌ་,ཁྲག་སྲ་ཀྲག་ཡོད་པའི་སྲོག་ཆགས་ཚུ་ཨིན།,རུས་ཚིགས་འདི་ རུས་ཚིགས་ཆུང་ཀུ་ཅིག་ཨིན་མས།,གཟུགས་ཁར་གྱི་པགས་ཚལ་འདི་ འབུ་སྲིན་ཅན་ཨིན།,མིག་ཏོ་ཡང་མཐོང་ཚུགསཔ་ཨིན།,d
jsc-science-8-112,གཟུགས་ཀྱི་མིག་གི་འོད་འཕྲོ་བརླག་འགྱོ་མི་ཡན་ལག་འདི་ ག་འདི་ཨིན་ན།,དྲོ་མཛར་,ཨོམ་,ཨོམ་,སེམས་ཅན་,a
jsc-science-8-113,ཉིམ་ལུགས་ནང་ གྱིབ་མ་སྦོམ་ཤོས་གསུམ་པ་ ག་ལུ་ཡོདཔ་ཨིན་ན?,1,2,3,4,c
jsc-science-8-114,ག་འདི་ནང་ལུ་ སི་ཊི་རི་ཀཨེ་སིཌ་ཡོདཔ་ཨིན་ན?,ཁྱབ་ཚད་,འཐོན་འགྱོ་ནི་,དྲན་ཚོར་འབད་ཐངས་,སྦ་སྒོར་བཙུགས་ནི་,a
jsc-science-8-115,སོན་འདི་ག་དེ་སྦེ་ རིམ་པ་བཞིན་དུ་ བསྡུ་ཚུགས་ནི་ཨིན་ན?,ནིའུ་ཊཱན་༣.༣༣,ནིའུ་ཊཱན་ ༢.༠༤,ནིའུ་ཊཱན་ ༡༢༠,སྤྱི་ལོ་༡༩༦༦ ལུ་ ནིའུ་ཊཱན་,c
jsc-science-8-116,སྣུམ་འཁོར་འདི་ག་ཏེ་ལུ་ཡོདཔ་ཨིན་ན?,HCI,NaCI,NH_{3} འདི་ཡང་,Ca(OH)_{2} འདི་ཡང་ ཀ་བཱལ་ཨའེ་ཨའེ་ལུ་བརྟེན་ཨིན།,b
jsc-science-8-117,སྦལཔ་བཟོ་ནིའི་ལཱ་འདི་ ག་ཅི་ལུ་བརྟེན་ཏེ་འབདཝ་ཨིན་ན?,སེ་རེ་བེ་ལཱམ་,སེརེབཱརེམ་,པཱོན་སི་,མཚིགས་ཏོ་གི་རྩ་བ་,d
jsc-science-8-118,དངོས་པོ་གཉིས་ཀྱི་བར་ནའི་ ས་སྟོང་འདི་ བཞི་སྦེ་རྩིས་སྟོནམ་ཨིན།,i དང་ ii,i དང་ iii,ii དང་ iii,"i, ii དང་ iii ཚུ་ཨིན།",d
jsc-science-8-149,དངོས་པོ་གི་ལྗིད་ཚད་འདི་ ག་དེ་ཅིག་ལས་སྦོམ་ཨིན་ན?,འཛམ་གླིང་གི་ལྟེ་བ་ལུ་,དར་གྱི་ས་སྒོ་ཚུ་ནང་,ས་གཞི་འདི་ གནམ་གཤིས་ཀྱི་གནས་སྟངས་ལུ་བརྟེན་ཡོདཔ་ཨིན།,ས་གཞི་གུ་,b
jsc-science-8-150,NaOH+A\rightarrow Na_{2}SO_{4}+H_{2}O འདི་ ཀེར་ཐིག་གི་མཐའ་འཁོར་ལུ་ཡོད་པའི་ ཀེར་ཐིག་གི་མཐའ་འཁོར་ལུ་ཡོད་པའི་ ཀེར་ཐིག་གི་མཐའ་འཁོར་ལུ་ཡོད་པའི་ ཀེར་ཐིག་དེ་ཨིན།,༡ ཨིན་པས།,༢་ཨིན།,༣་ཨིན།,༤ ཨིན་པས།,c
jsc-science-8-151,རང་བཞིན་གནས་སྟངས་འདི་ ག་དེ་སྦེ་འགྱོ་ནི་ཨིན་ན?,i དང་ ii,i དང་ iii,ii དང་ iii,"i, ii དང་ iii ཚུ་ཨིན།",c
jsc-science-8-152,NaOH+A\rightarrow Na_{2}SO_{4}+H_{2}O འདི་ ཀེར་ཐིག་གི་ཕྲ་རིང་གི་ ཕྲ་རིང་གི་ ཕྲ་རིང་གི་ ཕྲ་རིང་གི་ ཕྲ་རིང་གི་ ཕྲ་རིང་གི་ ཕྲ་རིང་གི་ ཕྲ་རིང་གི་ ཕྲ་རིང་གི་ ཕྲ་རིང་གི་ ཕྲ་རིང་གི་ ཕྲ་རིང་གི་ ཕྲ་རིང་གི་ ཕྲ་རིང་གི་ ཕྲ་རིང་གི་ ཕྲ་རིང་གི་ ཕྲ་རིང་གི་ ཕྲ་རིང་གི་ ཕྲ་རིང་གི་ ཕྲ་རིང་གི་ ཕྲ་རིང་གི་ ཕྲ་རིང་གི་ ཕྲ་རིང་གི་,སྦལཔ་,བྱི་ཅུང་,སྒོང་རྡོག་,ཉ་ཆུང་ཀུ་ཚུ་,b
jsc-science-8-153,ཁམས་ཕྲན་ A འདི་ལག་ལེན་འཐབ་ཨིན།,ཀ་ལསི་ཡཱེམ་,ཨེས་ཊིཀ་ཨེ་སིཌ་,ཨ་ལུམ་ནི་ཡཱུམ་ ཧའི་ཌོ་ཨེས་སིཌ་,ཨམ་མོ་ནི་ཡཱམ ཧའི་ཌོ་ཁེ་སིཌ་,c
jsc-science-8-154,i. ཟས་བཅུད་ལེགས་ཤོམ་བཟོཝ་ཨིན།,ཨི་ལིཤི་,ཉ་རྒོད་,སྦུལ་,ཀུ་ནོ་བེང་,c
jsc-science-8-155,༢། ས་ཞིང་བཟོ་ཁང་ནང་,ཀུ་ནོ་བེང་,ཨེ་ལི་ཤི་ཉ་,བྱི་ཅུང་,བྱི་ཅུང་,a
jsc-science-8-156,གསུམ་པ་ Rayon བཟོ་སྐྲུན་འབད་ཐངས་,ཨ་ལོ་ཆགས་མི་,རྩ་བ་གི་ཁ་ཐུག་,མོ་ཀཱུལ་,བྱི་ཐལཝ་,d
jsc-science-8-157,འོག་ལུ་ཡོད་མི་ལས་ ག་འདི་བདེན་པ་ཨིན་ན་ཟེར་བ་ཅིན་,i དང་ ii,i དང་ iii,ii དང་ iii,"i, ii དང་ iii ཚུ་ཨིན།",d
jsc-science-8-158,ཆུ་རྫིང་གི་གནས་སྟངས་ནང་ ཟ་མི་སྐེ་རིམ་གསུམ་པ་ག་ཅི་ཡོདཔ་ཨིན་ན?,གེ་ཟ་,ཀེ་བ་,ཨ་ཁའི་,ཤིམ་ཱུལ་,d
jsc-science-8-159,ཟ་ཁང་ནང་ཡོད་པའི་ཁུ་བ་འདི་ དྲག་ཚུགས་པའི་ཐབས་ཤེས་ག་ཅི་ཡོདཔ་ཨིན་ན?,ཨ་ཏ་,སྒྱུ་རྩལ་,ཨ་ནཱན་སིཊ་,ལགཔ་གི་ཚིགས་,b
jsc-science-8-160,རི་དྭགས་སེམས་ཅན་ཚུ་གི་གཟུགས་ཁར་ སྐེད་པ་སྐམ་ཡོདཔ་ཨིན་ན?,པཱོན་སི་,སེ་རེ་བེ་ལཱམ་,མཚིགས་ཏོ་གི་རྩ་བ་,ཐ་ལ་མཱསི་,c
jsc-science-8-161,ཁྲག་སྲ་ཀྲག་དང་ ཁྲག་སྲ་ཀྲག་མེད་མི་ སེམས་ཅན་འབུམ་ཕྲག་ལས་བཅད་དེ་ཡོདཔ་ཨིན་ན།,གཉིས་,བརྒྱད་,༡༦,༣༢,b
jsc-science-8-162,ནང་ན་གི་སྲོག་ཆགས་ཚུ་གིས་ རང་སོའི་གཟུགས་ཁར་ སྦྲགས་སྦྲགས་ཏེ་སྡོད་དོ་ཡོདཔ་ལས་,8,18,32,50,c
jsc-science-8-164,འདི་བཟུམ་མའི་ བྱ་རིམ་འདི་ ...,Mg(OH)_{2},AI(OH)_{2} འདི་ཡང་ ཨའི་གི་མིང་ཨིན།,Ca(OH)_{2} འདི་ཡང་ ཀ་བཱལ་ཨའེ་ཨའེ་ལུ་བརྟེན་ཨིན།,ཀོ་ཧཱ,c
jsc-science-8-165,i. སྔོ་ཚལ་གྱིས་ གཟུགས་ནང་ལས་ ཆུ་བཏོན་ཏེ་ རླུང་མ་འཁྱུ་བའི་བསྒང་ལས་ རླུང་མ་འཁྱུ་བའི་བསྒང་ལས་ རླུང་མ་འཁྱུ་བའི་བསྒང་ལས་ རླུང་མ་འཁྱུ་བའི་བསྒང་ལས་ རླུང་མ་འཁྱུ་བའི་བསྒང་ལས་ རླུང་མ་འཁྱུཝ་ཨིན།,མེ་རླུང་རྒྱ་རྫི་བཟོ་སྐྲུན་,སྐུད་པ་འདི་ དཀརཔོ་བཟུམ་ཨིན།,མུ་ཏིག་གི་གནས་ཚད་མཐོ་,མགྱོགས་པ་རང་དྲོད་འབར་འོང་།,a
jsc-science-8-166,༢། མེ་སྦྱང་འབད་ནིའི་དོན་ལུ་ ཤིང་སྡོང་གིས་ སྣུམ་འཁོར་ནང་ བཙུགས་མི་ཀཱོན་ཌི་ཨོག་སིཊི་འདི་ འོད་སྦྱོར་གྱི་དོན་ལུ་ ལག་ལེན་འཐབ་དོ་ཡོདཔ་ཨིན།,HCI,H_{2}SO_{4} འདི་ལུ་བལྟ་བ་ཅིན་,HNO_{3} འདི་ལུ་,H_{3}PO_{4} འདི་ལུ་བལྟ་བ་ཅིན་,b
jsc-science-8-167,གསུམ་པ་ རུས་ཚིགས་ཀྱི་སྒོ་ལས་ རུས་ཚིགས་ལུ་མཁལ་རླུང་བསྐྱལ་དོ་ཡོདཔ་ཨིན།,ཇུ་པི་རི་,སཱན་ནི་,ཡུ་རཱན་སི།,ནེ་པཱུན་,b
jsc-science-8-168,འོག་གི་ལོ་རྒྱུས་ཚུ་ལས་ག་འདི་བདེན་པ་ཨིན་ན་?,གནམ་ཁ་ལུ་ གནམ་གྲུ་གི་གནས་སྟངས་བལྟ་ནི་,རྒྱ་མཚོ་ནང་ལུ་ གྲུ་ཚུ་ལུ་མར་ཁུ་བཙོག་བཀོ་ནི་བལྟ་ནི་,སྤྲིན་འབྱུང་སའི་ས་སྒོ་བལྟ་ནི་,ཁྱོད་ཀྱི་བརྡ་དོན་གཏང་ནི་ལུ་ཆ་རོགས་འབདཝ་ཨིན།,b
jsc-science-8-169,ལོ་ཐོག་ཚུ་ དུས་ཚོད་ཁར་ བསྡུ་མ་ཚུགས་པར་ལུས་མི་དེ་ ག་ཅི་ལུ་བརྟེན་ཏེ་ཨིན་ན?,ཟ་བཏུབ་པའི་མར་ཁུ་དང་ ཀེ་བ་,ཉ་གི་མར་ཁུ་དང་ ལྕངམ་ཚུ་,ཨོམ་གི་པགས་ཁོག་དང་ ཀ་བཱལ་ཚུ་,ཨེ་མ་མར་ཁུ་དང་ ལེ་ཊི་གི་ལྕངམ་,b
jsc-science-8-170,བྱང་ཕྱོགས་ལུ་ དངོས་པོའི་ལྗིད་ཚད་ ཀི་ལོ་ག་རམ་ ༡ དེ་ག་དེམ་ཅིག་ཡོདཔ་ཨིན་ན?,10,15,20,25,d
jsc-science-8-171,མི་གི་མགུ་ཏོ་གི་ཡན་ལག་འདི་ ག་བཟུམ་ཅིག་ཡོདཔ་ཨིན་ན?,གོ་རིམ་ཚུ་,དཀར་འབྲུ་,ཀུ་ཤུ་,ཤིམ་ཱུལ་,b
jsc-science-8-172,༢་༨་༥་གི་ ཨེལཱེག་ཊཱོན་རིམ་ལུགས་འདི་ཨིན་པ་ཅིན་ རང་བཞིན་གྱི་རྒྱུ་རྫས་འདི་ག་ཅི་ཨིན་ན?,7,8,12,13,d
jsc-science-8-173,སྣུམ་འཁོར་འདི་ནང་ལུ་ ནད་རྟགས་འདི་ ག་བཟུམ་ཅིག་ཡོདཔ་ཨིན་ན?,དྲོ་མཛར་,ཟ་ནི་གི་ཚྭ་,འཐུང་ནི་,སི་ཊི་རི་ཀཨེ་སིཌ་,a
jsc-science-8-174,ཝི་ནི་གཱར་གྱི་མིང་འདི་ ག་ཅི་སྦེ་སླབ་ནི་ཨིན་ན?,ཀི་ལོ་ཀཱོལ་༤༥༠,༣༢༥kcal,ཀི་ལོ་ཀཱོལ་ ༢༠༠,ཀི་ལོ་ཀཱོལ་ ༥༠,c
jsc-science-8-175,མིག་ཏོ་གི་འོག་གི་ཡན་ལག་འདི་ ཕྱི་ཁའི་གནོད་འཚེ་ཚུ་ལས་ སྲུང་སྐྱོབ་འབད་ཚུགས་མི་འདི་ ག་འདི་ཨིན་ན?,པེ་ལིཊི་བཱོལ་,ཇེ་ལ་ཊིན་,ཀུ་ཊིན་,ཝེསི་ལིན་,b
jsc-science-8-177,(ii) 'X' + H_{2}O\rightarrow 'Y',འགོ་ཐོག་ལུ་,ཀཱན་ཌེ་,ཤོག་ལེབ་ནང་ལུ་,མེ་ཏོག་,c
jsc-science-8-178,x གི་ཁྱད་ཆོས་འདི་ག་ཅི་ཨིན་ན?,ག་ལུ་,བི་,ཨེ,ཀ་,c
jsc-science-8-181,༢། མེ་ཏོག་གི་པད་འབུབ་དང་ རོ་ཁྱི་གི་པགས་ཚལ་,ཀ་ལ་ཚུ་,སྐད་རྐྱབ་ནི་,དབྱེ་བ་ཕྱེ་ནི་,ཕི་ཏ་ཀ་ར་མི་,d
jsc-science-8-182,གསུམ་པ་ མེ་ཏོག་འདི་ དྭངས་འཕྲོས་འཕྲོས་དང་ དྲི་བཟང་ཅན་སྦེ་ཐོན་དོ་ཡོདཔ་ཨིན་མས།,Xylem གི་གཟུགས་ཚིགས་,རྒྱགས་ཏོ་གི་རུས་ཚིགས་,འོག་ལུ་འགྱོ་མི་འགྲུལ་པ་ཚུ་,ཕྱོགས་གཉིས་ལུ་འགྱོ་ནིའི་འགྲུལ་བཞུད་,a
jsc-science-8-183,འོག་ལུ་ཡོད་མི་ལས་ ག་འདི་བདེན་པ་ཨིན་ན་ཟེར་བ་ཅིན་,མེ་ཊ་ཕ་ཡེསི་གི་རྒྱབ་སྐྱོར་,མེ་ཊ་ཕེསི་,ཨ་ན་ཕ་ཇ་,གློག་ཐག་ར་བ་,d
jsc-science-8-184,འ་ནི་གྲལ་ལས་ ག་འདི་ནང་ལུ་ མཱལ་ཀི་ཨསིཌ་ཡོདཔ་ཨིན་ན?,i དང་ ii,i དང་ iii,ii དང་ iii,"i, ii དང་ iii ཚུ་ཨིན།",d
jsc-science-8-185,Annelida གི་སྲོག་ཆགས་ག་འདི་ཨིན་ན?,ཨེ་ཊི་ལིན་,སི་ཊོ་ཀའི་ནིན་,ཨོ་ཟི་ནོ་,ཇི་བེ་ར་ལིན་,c
jsc-science-8-186,རྒྱང་མཐོང་ཤེས་རིག་གི་ སཱཊ་བཱལ་ཊི་ལཱསི་ འགོ་དང་པ་བཏང་མི་གི་མིང་ག་ཅི་ཡོདཔ་ཨིན་ན?,ནིའུ་ཊཱན་ ༩.༧༨,ནིའུ་ཊཱན་ ༩.༧༩,ནིའུ་ཊཱན་༩.༨༠,ནིའུ་ཊཱན་ ༩.༨༣,b
jsc-science-8-187,འ་ནི་གྲལ་ལས་ ག་འདི་བདེན་པ་ཨིན་ན?,ཐ་ལ་མཱསི་དང་པཱོན་སི་,མཚིགས་ཏོ་དང་ཕོནསི་ (pons),Thalamus དང་ hypothalamus གི་བར་ན་,hypothalamus དང་ medulla གཉིས་ཆ་ར་ལུ་,c
jsc-science-8-188,ཐིརི་ཊི་ཨུམ་འདི་ནང་ལུ་ ནིའུ་ཊི་རོན་གྱི་གྱངས་ཁ་ག་དེམ་ཅིག་ཡོདཔ་ཨིན་ན?,ཀ་ལོརིན་,ཕོརིན་,སཱལ་ཕ་ར་,ཕོསི་ཕོརསི་,d
jsc-science-8-189,ཝི་ཊ་མིན་ག་ཅི་གིས་ གཟུགས་ལུ་ཁྲག་གི་སེརཔོ་ཊི་ལཱསི་གི་གྱངས་ཁ་ ཡར་སེང་འབད་ཚུགས་ནི་ཨིན་ན?,7,8,12,13,d
jsc-science-8-190,ཨ་སིཌ་འདི་ ཐོ་མ་ཏི་ནང་ལུ་ཡོད་ག་?,སི་ཊི་རི་ཀཨེ་སིཌ་,ཨེས་ཊིཀ་ཨེ་སིཌ་,མ་ལི་ཀཨེ་སིཌ་,ཧའི་ཌོ་ཀཱལོརི་ཀཨེ་སིཌ་ (hydrochloric acid),b
jsc-science-8-191,མི་དབང་མཆོག་གིས་ X གི་ལྗིད་ཚད་འདི་ ཀི་ལོ་གྷ་རམ་༦༥ཨིན། ཉིནམ་རེ་ལུ་ ཚལ་ལུ་ག་དེ་ཅིག་ དགོཔ་ཡོདཔ་ཨིན་ན?,དཀརཔོ་འདི་,ཨི་རཱིས་,ཟུར་ཐིག་,ཀོར་ནི་ཡཱན་,a
jsc-science-8-192,རི་དྭགས་སེམས་ཅན་ཚུ་གིས་ ག་ཅི་ཟ་ནི་ཨིན་ན?,i དང་ ii,i དང་ iii,ii དང་ iii,"i, ii དང་ iii ཚུ་ཨིན།",c
jsc-science-8-193,ཇི་ཨའི་ཇི་ཨེམ་ (ཇི་ཨའི་ཇི་) ཟེར་མི་འདི་ཡང་ ཇི་ཨེམ་ (ཇི་ཨའི་ཇི་) ཟེར་མི་འདི་ཨིན།,མཱན་ཇེ་ནི་ཨེས་ཌི་ཨོ་ཁེ་སིཌ་,ཀ་བཱོན་འར་བཱོན་,ལགཔ་གི་ལགཔ་,ལྕགས་ཀྱི་ཐགཔ་,*
jsc-science-8-194,འབྲེལ་བ་ག་ཅི་ཡོདཔ་ཨིན་ན?,i དང་ ii,i དང་ iii,ii དང་ iii,"i, ii དང་ iii ཚུ་ཨིན།",d
jsc-science-8-195,ཇི་ཨོ་སི་སི་གི་སྲོག་ཆགས་ཚུ་ དབྱེ་བ་ཕྱེ་ནིའི་ཁྱད་ཆོས་ག་ཅི་ཡོདཔ་ཨིན་ན?,ཆུ་ནང་ H ཨའོན་ཚུ་བཙུགས།,ལགཔ་གིས་འདོགསཔ་ད་ ཐིམ་འགྱོ་ནིའི་ཚོར་སྣང་བྱུངམ་ཨིན།,དབྱེ་བ་ཕྱེ་མི་རྒྱལ་ཁབ་ཀྱི་རྫས་,ཆུ་ནང་མ་ཚུད།,b
jsc-science-8-196,རྩ་བ་ལས་སྐྱེ་བའི་རིགས་འདི་ ག་འདི་ཨིན་ན?,i དང་ ii,i དང་ iii,ii དང་ iii,"i, ii དང་ iii ཚུ་ཨིན།",b
jsc-science-8-197,རྒྱལ་སྤྱིའི་གནས་རིམ་ནང་ ཇི་ཨེམ་ (mass) གི་ཚད་གཞི་འདི་ག་ཅི་ཡོདཔ་ཨིན་ན?,མེ་རླུང་རྒྱ་རྫི་བཟོ་སྐྲུན་,སྐུད་པ་འདི་ དཀརཔོ་བཟུམ་ཨིན།,མུ་ཏིག་གི་གནས་ཚད་མཐོ་,འདི་ལུ་དྲོད་འབར་མེདཔ་ཨིན།,a
jsc-science-8-198,ཟུར་ཐིག་གི་ཚད་འདི་ 60^{\circ}ཨིན་པ་ཅིན་ ནང་འཁོད་གསལ་སྟོན་འབད་ནིའི་དོན་ལུ་ ཟུར་ཐིག་གི་ཚད་འདི་ག་དེམ་ཅིག་འོང་ནི་ཨིན་ན?,ཨོམ་གཉིས་,ཨོམ་ལྔ་,ཨོམ་ ༡༠,ཨོམ་ ༥༠,a
jsc-science-8-199,སྲོག་ཆགས་མེ་ཏོག་འདི་ག་ཅི་ཨིན་ན།,ལྡུམ་ར་ནང་གི་ཤིང་འབྲས་,ལྡུམ་ར་ནང་གི་ཤིང་འབྲས་,ཤིང་འབྲས་རྫུས་མ་ཚུ་,ཤིང་འབྲས་ཁེལཝ་ཁེལཝ་,d
jsc-science-8-200,མཆིན་པ་ན་ནི་དེ་ ནད་གཞི་ག་ཅི་གི་རྟགས་མཚན་ཨིན་ན?,འགོ་ཐོག་ལུ་,ཀཱན་ཌེ་,ཤོག་ལེབ་ནང་ལུ་,མེ་ཏོག་,c
jsc-science-8-201,འོག་གི་ཨསིཊི་འདི་ག་ཏེ་ལས་ བཟའ་སྤྱོད་འབད་ཚུགས་ནི་ཨིན་ན?,ག་ལུ་,ད,ཨེ,ཀ་,c
jsc-science-8-202,ཚོད་བསྲེའི་རིགས་ཚུ་གིས་ ཉི་མའི་ནུས་ཤུགས་འདི་ ནུས་ཤུགས་ག་ཅི་ལུ་འགྱུར་ཡོདཔ་ཨིན་ན?,རྩྭ་ \rightarrow phytoplankton \rightarrow zooplankton,སཱན་ནི་,ཚ་གྱང་ལང་མི་ཅིག་ཨིན་ འདི་ཡང་ ཚ་གྱང་ལང་མི་ཅིག་ཨིན་ ཚ་གྱང་ལང་མི་ཅིག་ཨིན་ འདི་ཡང་ ཚ་གྱང་ལང་མི་ཅིག་ཨིན་ འདི་ཡང་ ཚ་གྱང་ལང་མི་ཅིག་ཨིན་ འདི་ཡང་ ཚ་གྱང་ལང་མི་ཅིག་ཨིན་,གེ་ཟ་\rightarrow གེ་ཟ་ཕག་\rightarrow སྤྱང་ཁྱི་,c
jsc-science-8-203,ག་དེ་ཅིག་གིས་སྦོམ་བཟོ་ནིའི་སྣུམ་འཁོར་ནང་ལུ་ ལག་ལེན་འཐབ་ནི་ཡོདཔ་ཨིན་ན?,ཇུ་པི་ཊར་,པེ་ཡ་ར་,ཡུ་རཱན་སི།,ནེ་པཱུན་,c
jsc-science-8-204,གྱངས་ཁ་མཐོ་ཤོས་འདི་ སའི་སྐརམ་ག་ལུ་ཡོདཔ་ཨིན་ན?,ཨོམ་,200,ཨོམ་,དྲོ་མཛར་,d
jsc-science-8-205,ཟ་ནི་འཐུང་ནི་དང་ དབུགས་གཏོང་ནི་ འདི་ཚུ་ག་ར་གི་འགན་ཁུར་འདི་ ག་ལུ་ཕོག་སྟེ་ཡོདཔ་ཨིན་ན?,50,i དང་ iii,325,450,b
jsc-science-8-206,པད་དཀར་འདི་ ...,i དང་ ii,རྒུན་འབྲུམ་,ii དང་ iii,"i, ii དང་ iii ཚུ་ཨིན།",d
jsc-science-8-207,i. མེ་ཏོག་འདི་སྦོམ་སྦེ་དང་ སྦྲང་རྩི་ཡོད་པའི་མེ་ཏོག་ཨིན།,ཨེ་པཱལ་,དབྱེ་བ་ཕྱེ་ནི་,དམར་ཁུ་,བཀྲ་བི་ ལི་མཱོན་,a
jsc-science-8-208,༢། མེ་ཏོག་གི་པད་འབུབ་དང་ རོ་ཁྱི་གི་པགས་ཚལ་,བྱི་ཅུང་,Landsat-1 ཟེར་མི་ གློག་རིག་ལྟ་རྟོག་འཕྲུལ་ཆས་འདི་,ལྡོག་ཕྱོགས་ཚོགས་པ་,ཀ་ལ་ཚུ་,c
jsc-science-8-209,གསུམ་པ་ མེ་ཏོག་འདི་ དྭངས་འཕྲོས་འཕྲོས་དང་ དྲི་བཟང་ཅན་སྦེ་ཐོན་དོ་ཡོདཔ་ཨིན་མས།,ཨ་པོ་ལཱོ་-སུའུ་ཇོས,སྦྲེལ་མཐུད་\rightarrow འཕུར་འགྲུལ་\rightarrow ཁྱབ་ཚད་\rightarrow ཁྱབ་ཚད་,ཝོཌ་ཊོཀ་ ༡,ཨེ་ཨེཕ་ལོ་ར་༡,b
jsc-science-8-210,འོག་ལུ་ཡོད་མི་ལས་ ག་འདི་བདེན་པ་ཨིན་ན་ཟེར་བ་ཅིན་,སྦྲེལ་མཐུད་\rightarrow ཁྱབ་ཚད་ \rightarrow ཁྱབ་ཚད་\rightarrow,1,སྦྲེལ་རྟགས་\rightarrow སྦྲེལ་རྟགས་\rightarrow སྦྲེལ་རྟགས་\rightarrow སྦྲེལ་རྟགས་,སྦྲེལ་རྟགས་\rightarrow ཁྱབ་ཚད་\rightarrow སྦྲེལ་རྟགས་ \rightarrow འབྱོར་ཚད་,b
jsc-science-8-211,འ་ནི་གྲལ་ལས་ ག་འདི་ནང་ལུ་ མ་ལིག་ཨེ་སིཌ་ཡོདཔ་ཨིན་ན?,0,བ_{2},2,3,c
jsc-science-8-212,Annelida གི་སྲོག་ཆགས་ག་འདི་ཨིན་ན?,བ_{1},carbolic acid ཟེར་མི་ ཀ་བཱོལ་ཨསིཌ་ཨིན།,བ_{༦},བ_{1༢},d
jsc-science-8-213,རྒྱང་མཐོང་ཤེས་རིག་གི་ སཱེ་ཊ་ལའི་ཊཱག་འདི་ འགོ་དང་པ་ བཏང་ཡོདཔ་ད་ དེའི་མིང་ག་ཅི་ཡོདཔ་ཨིན་ན?,ནིཊི་རི་ཀཨེ་སིཌ་,གུ་རམ་ ༢༦༠,ཨེས་ཁཱལ་ཨསིཌ་,ཨེསི་ཀོར་བིག་ཨེ་སིཌ་,c
jsc-science-8-214,འ་ནི་གྲལ་ལས་ ག་འདི་བདེན་པ་ཨིན་ན?,གཡུས་ཚན་ ༡༤.༡༣,གཉིས་པ་,གཡུས་ཚན་༢༩༩,གཡུས་ཚན་ ༥༨༥,c
jsc-science-8-215,ཐིརི་ཊི་ཡཱམ་འདི་ནང་ལུ་ ནིའུ་ཊི་རོནསི་ག་དེམ་ཅིག་ཡོདཔ་ཨིན་ན?,དང་པ་,ཨ་བི་སི་ཨེས་སིཀ་ཨེ་སིཌ་,གསུམ་པ་,ག་ར་ལུ་,a
jsc-science-8-216,ཝི་ཊ་མིན་ག་ཅི་གིས་ གཟུགས་ལུ་ཁྲག་གི་སེརཔོ་ཊི་ལཱསི་གི་གྱངས་ཁ་ ཡར་སེང་འབད་ཚུགས་ནི་ཨིན་ན?,ཨོ་ཟི་ནོ་,ལྕགས་ཀྱུ་\rightarrow མེ་འབར་གྱི་ཡན་ལག་,སི་ཊོ་ཀའི་ནིན་,ཇི་བེ་ར་ལིན་,b
jsc-science-8-217,ཨ་སིཌ་འདི་ ཐོ་མ་ཏི་ནང་ལུ་ཡོད་ག་?,Hydro\rightarrow ནི་ཌོ་བཱལ་སི་ཊི་གི་སྲོག་ཆགས་,འ་ནི་དེ་ འདྲ་མཉམ་ཐོག་ལས་ དབྱེ་བ་ཕྱེ་ནི་ཨིན།,ཕྲང་ཕྲང་གི་ཐིག་ཁྲམ་ Nephridia,ཀླད་ཀོར་\rightarrow ཧེ་མོ་སིལ,a
jsc-science-8-218,རི་དྭགས་སེམས་ཅན་ཚུ་གིས་ ག་ཅི་ཟ་ནི་ཨིན་ན?,ADའདི་ གཟུགས་ཀྱི་ནང་ན་རང་བྱུང་ནུག,ཨེ་མ་གི་རིགས་ཚུ་,ནིའུ་ཀེལ་ཡ་འདི་ ཚར་གཅིག་ དབྱེ་བ་ཕྱེ་ཚར་ནུག,chromosome འདི་ཚར་གཅིག་ དབྱེ་བ་ཕྱེ་འོང་།,d
jsc-science-8-219,ཇི་ཨའི་ཇི་ཨེམ་ (ཇི་ཨའི་ཇི་) ཟེར་མི་ ཨའི་ཇི་ཨེམ་ (ཇི་ཨའི་ཇི་) ཟེར་མི་ ཨའི་ཇི་ཨེམ་ (ཇི་ཨའི་ཇི་) ཟེར་མི་ ཨའི་ཇི་ཨེམ་ (ཇི་ཨའི་ཇི་) ཟེར་མི་འདི་ཨིན།,ཨ་ད་ར་,ཀི་ལོ་ག་རམ་,སྒོང་རྡོག་,པཱཏ་ལཱལ་,d
jsc-science-8-220,འབྲེལ་བ་ག་ཅི་ཡོདཔ་ཨིན་ན?,ནིའུ་ཊཱན་,༤༥^{\circ} འདི་ལུ་བལྟ་བ་ཅིན་,གཡུས་ཚན་,མེ་ཊིག་ཊཱོན་,b
jsc-science-8-221,ཇི་ཨེམ་ཨོ་སི་དེ་ ག་དེ་སྦེ་ དབྱེ་བ་ཕྱེ་དོ་ཡོདཔ་ཨིན་ན?,༣༠^{\circ} འདི་ཡང་,ཤིམ་ཱུལ་,༦༠^{\circ} འདི་ལུ་བལྟ་བ་ཅིན་,༧༥^{\circ} འདི་ལུ་,d
jsc-science-8-222,རྩ་བ་ལས་སྐྱེ་བའི་རིགས་འདི་ ག་འདི་ཨིན་ན?,དཀར་འབྲུ་,ནད་གཞི་འདི་ ནད་འབུབ་ལུ་བརྟེན་ཏེ་ཨིན་མས།,ལན་གསལ་ཚུ་,གེ་ཟ་,b
jsc-science-8-223,རྒྱལ་སྤྱིའི་གནས་རིམ་ནང་ ཇི་ཨེམ་ (mass) གི་ཚད་གཞི་འདི་ག་ཅི་ཡོདཔ་ཨིན་ན?,ཀྲོ་ཊི་ནེམ་,མ་ལི་ཀཨེ་སིཌ་,གཱོལ་གཱོན་ཌ་,ཚ་གྱང་ལང་དགོ,b
jsc-science-8-224,ཟུར་ཐིག་གི་ཚད་འདི་ 60^{\circ}ཨིན་པ་ཅིན་ ནང་འཁོད་གློག་ཀེམ་ཁྱབ་ཚད་ཀྱི་ ཟུར་ཐིག་གི་ཚད་འདི་ག་ཅི་ཨིན་ན?,ལྕགས་ཟམ་ནང་ལུ་ཡོད་པའི་ ཨེསི་ཌི་,ཚ་དྲོད་ཤུགས་,པེར་ཀཱོལ་རི་ཀཨེ་སིཌ་,ཧའི་ཌོ་ཀཱལོརི་ཀཨེ་སིཌ་,b
jsc-science-8-225,སྲོག་ཆགས་མེ་ཏོག་འདི་ག་ཅི་ཡོདཔ་ཨིན་ན?,ဓာတုཤུགས་ཨིན།,ས་འོག་གི་མེ་ལོང་,འཕྲུལ་རིག་གི་ནུས་ཤུགས་,འོད་ཟེར་གི་ཤུགས་,a
jsc-science-8-226,མཆིན་པ་ན་ནི་དེ་ ནད་གཞི་ག་ཅི་གི་རྟགས་མཚན་ཨིན་ན?,མཐོང་ཚུགསཔ་མེད་པའི་ ལེན་སི་,འཛམ་གླིང་འདི་,ལྡེ་མིག་ཕྲ་རིང་,ཕྲང་ལམ་གྱི་མེ་ལོང་,c
jsc-science-8-227,འོག་གི་ཨསིཊི་འདི་ག་ཏེ་ལས་ བཟའ་སྤྱོད་འབད་ཚུགས་ནི་ཨིན་ན?,དྲག་ཞེན་,ལྡུམ་ར་,ཡུ་རཱན་སི།,ནེ་པཱུན་,c
jsc-science-8-228,ཚོད་བསྲེའི་རིགས་ཚུ་གིས་ ཉི་མའི་ནུས་ཤུགས་འདི་ ནུས་ཤུགས་ག་ཅི་ལུ་འགྱུར་ཡོདཔ་ཨིན་ན?,སེ་རེ་བེ་ལཱམ་,পনৃস,མཚིགས་ཏོ་གི་རྩ་བ་,སེརེབཱརེམ་,c